Afghanistan,Badakhshan
Afghanistan,Badghis
Afghanistan,Baghlan
Afghanistan,Balkh
Afghanistan,Bamian
Afghanistan,Farah
Afghanistan,Faryab
Afghanistan,Ghazni
Afghanistan,Ghowr
Afghanistan,Helmand
Afghanistan,Herat
Afghanistan,Jowzjan
Afghanistan,Kabol
Afghanistan,Kandahar
Afghanistan,Kapisa
Afghanistan,Konar
Afghanistan,Kondoz
Afghanistan,Laghman
Afghanistan,Lowgar
Afghanistan,Nangarhar
Afghanistan,Nimruz
Afghanistan,Oruzgan
Afghanistan,Paktia
Afghanistan,Paktika
Afghanistan,Parvan
Afghanistan,Samangan
Afghanistan,Sar-e Pol
Afghanistan,Takhar
Afghanistan,Vardak
Afghanistan,Zabol
Albania,Berat
Albania,Bulqize
Albania,Delvine
Albania,Devoll (Bilisht)
Albania,Diber (Peshkopi)
Albania,Durres
Albania,Elbasan
Albania,Fier
Albania,Gjirokaster
Albania,Gramsh
Albania,Has (Krume)
Albania,Kavaje
Albania,Kolonje (Erseke)
Albania,Korce
Albania,Kruje
Albania,Kucove
Albania,Kukes
Albania,Kurbin
Albania,Lezhe
Albania,Librazhd
Albania,Lushnje
Albania,Malesi e Madhe (Koplik)
Albania,Mallakaster (Ballsh)
Albania,Mat (Burrel)
Albania,Mirdite (Rreshen)
Albania,Peqin
Albania,Permet
Albania,Pogradec
Albania,Puke
Albania,Sarande
Albania,Shkoder
Albania,Skrapar (Corovode)
Albania,Tepelene
Albania,Tirane (Tirana)
Albania,Tirane (Tirana)
Albania,Tropoje (Bajram Curri)
Albania,Vlore
Algeria,Adrar
Algeria,Ain Defla
Algeria,Ain Temouchent
Algeria,Alger
Algeria,Annaba
Algeria,Batna
Algeria,Bechar
Algeria,Bejaia
Algeria,Biskra
Algeria,Blida
Algeria,Bordj Bou Arreridj
Algeria,Bouira
Algeria,Boumerdes
Algeria,Chlef
Algeria,Constantine
Algeria,Djelfa
Algeria,El Bayadh
Algeria,El Oued
Algeria,El Tarf
Algeria,Ghardaia
Algeria,Guelma
Algeria,Illizi
Algeria,Jijel
Algeria,Khenchela
Algeria,Laghouat
Algeria,MSila
Algeria,Mascara
Algeria,Medea
Algeria,Mila
Algeria,Mostaganem
Algeria,Naama
Algeria,Oran
Algeria,Ouargla
Algeria,Oum el Bouaghi
Algeria,Relizane
Algeria,Saida
Algeria,Setif
Algeria,Sidi Bel Abbes
Algeria,Skikda
Algeria,Souk Ahras
Algeria,Tamanghasset
Algeria,Tebessa
Algeria,Tiaret
Algeria,Tindouf
Algeria,Tipaza
Algeria,Tissemsilt
Algeria,Tizi Ouzou
Algeria,Tlemcen
American Samoa,Eastern
American Samoa,Manua
American Samoa,Rose Island
American Samoa,Swains Island
American Samoa,Western
Angola,Andorra la Vella
Angola,Bengo
Angola,Benguela
Angola,Bie
Angola,Cabinda
Angola,Canillo
Angola,Cuando Cubango
Angola,Cuanza Norte
Angola,Cuanza Sul
Angola,Cunene
Angola,Encamp
Angola,Escaldes-Engordany
Angola,Huambo
Angola,Huila
Angola,La Massana
Angola,Luanda
Angola,Lunda Norte
Angola,Lunda Sul
Angola,Malanje
Angola,Moxico
Angola,Namibe
Angola,Ordino
Angola,Sant Julia de Loria
Angola,Uige
Angola,Zaire
Anguilla,Anguilla
Antartica,Antartica
Antigua and Barbuda,Barbuda
Antigua and Barbuda,Redonda
Antigua and Barbuda,Saint George
Antigua and Barbuda,Saint John
Antigua and Barbuda,Saint Mary
Antigua and Barbuda,Saint Paul
Antigua and Barbuda,Saint Peter
Antigua and Barbuda,Saint Philip
Argentina,Antartica e Islas del Atlantico Sur
Argentina,Buenos Aires
Argentina,Buenos Aires Capital Federal
Argentina,Catamarca
Argentina,Chaco
Argentina,Chubut
Argentina,Cordoba
Argentina,Corrientes
Argentina,Entre Rios
Argentina,Formosa
Argentina,Jujuy
Argentina,La Pampa
Argentina,La Rioja
Argentina,Mendoza
Argentina,Misiones
Argentina,Neuquen
Argentina,Rio Negro
Argentina,Salta
Argentina,San Juan
Argentina,San Luis
Argentina,Santa Cruz
Argentina,Santa Fe
Argentina,Santiago del Estero
Argentina,Tierra del Fuego
Argentina,Tucuman
Armenia,Aragatsotn
Armenia,Ararat
Armenia,Armavir
Armenia,Gegharkunik
Armenia,Kotayk
Armenia,Lorri
Armenia,Shirak
Armenia,Syunik
Armenia,Tavush
Armenia,Vayots Dzor
Armenia,Yerevan
Aruba,Aruba
Ashmore and Cartier Island,Ashmore and Cartier
Australia,Australian Capital Territory
Australia,New South Wales
Australia,Northern Territory
Australia,Queensland
Australia,South Australia
Australia,Tasmania
Australia,Victoria
Australia,Western Australia
Austria,Burgenland
Austria,Kaernten
Austria,Niederoesterreich
Austria,Oberoesterreich
Austria,Salzburg
Austria,Steiermark
Austria,Tirol
Austria,Vorarlberg
Austria,Wien
Azerbaijan,Abseron Rayonu
Azerbaijan,Agcabadi Rayonu
Azerbaijan,Agdam Rayonu
Azerbaijan,Agdas Rayonu
Azerbaijan,Agstafa Rayonu
Azerbaijan,Agsu Rayonu
Azerbaijan,Ali Bayramli Sahari
Azerbaijan,Astara Rayonu
Azerbaijan,Baki Sahari
Azerbaijan,Balakan Rayonu
Azerbaijan,Barda Rayonu
Azerbaijan,Beylaqan Rayonu
Azerbaijan,Bilasuvar Rayonu
Azerbaijan,Cabrayil Rayonu
Azerbaijan,Calilabad Rayonu
Azerbaijan,Daskasan Rayonu
Azerbaijan,Davaci Rayonu
Azerbaijan,Fuzuli Rayonu
Azerbaijan,Gadabay Rayonu
Azerbaijan,Ganca Sahari
Azerbaijan,Goranboy Rayonu
Azerbaijan,Goycay Rayonu
Azerbaijan,Haciqabul Rayonu
Azerbaijan,Imisli Rayonu
Azerbaijan,Ismayilli Rayonu
Azerbaijan,Kalbacar Rayonu
Azerbaijan,Kurdamir Rayonu
Azerbaijan,Lacin Rayonu
Azerbaijan,Lankaran Rayonu
Azerbaijan,Lankaran Sahari
Azerbaijan,Lerik Rayonu
Azerbaijan,Masalli Rayonu
Azerbaijan,Mingacevir Sahari
Azerbaijan,Naftalan Sahari
Azerbaijan,Naxcivan Muxtar Respublikasi
Azerbaijan,Neftcala Rayonu
Azerbaijan,Oguz Rayonu
Azerbaijan,Qabala Rayonu
Azerbaijan,Qax Rayonu
Azerbaijan,Qazax Rayonu
Azerbaijan,Qobustan Rayonu
Azerbaijan,Quba Rayonu
Azerbaijan,Qubadli Rayonu
Azerbaijan,Qusar Rayonu
Azerbaijan,Saatli Rayonu
Azerbaijan,Sabirabad Rayonu
Azerbaijan,Saki Rayonu
Azerbaijan,Saki Sahari
Azerbaijan,Salyan Rayonu
Azerbaijan,Samaxi Rayonu
Azerbaijan,Samkir Rayonu
Azerbaijan,Samux Rayonu
Azerbaijan,Siyazan Rayonu
Azerbaijan,Sumqayit Sahari
Azerbaijan,Susa Rayonu
Azerbaijan,Susa Sahari
Azerbaijan,Tartar Rayonu
Azerbaijan,Tovuz Rayonu
Azerbaijan,Ucar Rayonu
Azerbaijan,Xacmaz Rayonu
Azerbaijan,Xankandi Sahari
Azerbaijan,Xanlar Rayonu
Azerbaijan,Xizi Rayonu
Azerbaijan,Xocali Rayonu
Azerbaijan,Xocavand Rayonu
Azerbaijan,Yardimli Rayonu
Azerbaijan,Yevlax Rayonu
Azerbaijan,Yevlax Sahari
Azerbaijan,Zangilan Rayonu
Azerbaijan,Zaqatala Rayonu
Azerbaijan,Zardab Rayonu
Bahamas,Acklins and Crooked Islands
Bahamas,Bimini
Bahamas,Cat Island
Bahamas,Exuma
Bahamas,Freeport
Bahamas,Fresh Creek
Bahamas,Governors Harbour
Bahamas,Green Turtle Cay
Bahamas,Harbour Island
Bahamas,High Rock
Bahamas,Inagua
Bahamas,Kemps Bay
Bahamas,Long Island
Bahamas,Marsh Harbour
Bahamas,Mayaguana
Bahamas,New Providence
Bahamas,Nicholls Town and Berry Islands
Bahamas,Ragged Island
Bahamas,Rock Sound
Bahamas,San Salvador and Rum Cay
Bahamas,Sandy Point
Bahrain,Al Hadd
Bahrain,Al Manamah
Bahrain,Al Mintaqah al Gharbiyah
Bahrain,Al Mintaqah al Wusta
Bahrain,Al Mintaqah ash Shamaliyah
Bahrain,Al Muharraq
Bahrain,Ar Rifa wa al Mintaqah al Janubiyah
Bahrain,Jidd Hafs
Bahrain,Juzur Hawar
Bahrain,Madinat Isa
Bahrain,Madinat Hamad
Bahrain,Sitrah
Bangladesh,Barisal
Bangladesh,Chittagong
Bangladesh,Dhaka
Bangladesh,Khulna
Bangladesh,Rajshahi
Bangladesh,Sylhet
Barbados,Bridgetown
Barbados,Christ Church
Barbados,Saint Andrew
Barbados,Saint George
Barbados,Saint James
Barbados,Saint John
Barbados,Saint Joseph
Barbados,Saint Lucy
Barbados,Saint Michael
Barbados,Saint Peter
Barbados,Saint Philip
Barbados,Saint Thomas
Belarus,Brestskaya (Brest)
Belarus,Homyelskaya (Homyel)
Belarus,Horad Minsk
Belarus,Hrodzyenskaya (Hrodna)
Belarus,Mahilyowskaya (Mahilyow)
Belarus,Minskaya
Belarus,Vitsyebskaya (Vitsyebsk)
Belgium,Antwerpen
Belgium,Brabant Wallon
Belgium,Brussels Capitol Region
Belgium,Hainaut
Belgium,Liege
Belgium,Limburg
Belgium,Luxembourg
Belgium,Namur
Belgium,Oost-Vlaanderen
Belgium,Vlaams Brabant
Belgium,West-Vlaanderen
Belize,Belize
Belize,Cayo
Belize,Corozal
Belize,Orange Walk
Belize,Stann Creek
Belize,Toledo
Benin,Alibori
Benin,Atakora
Benin,Atlantique
Benin,Borgou
Benin,Collines
Benin,Couffo
Benin,Donga
Benin,Littoral
Benin,Mono
Benin,Oueme
Benin,Plateau
Benin,Zou
Bermuda,Devonshire
Bermuda,Hamilton
Bermuda,Hamilton
Bermuda,Paget
Bermuda,Pembroke
Bermuda,Saint George
Bermuda,Saint Georges
Bermuda,Sandys
Bermuda,Smiths
Bermuda,Southampton
Bermuda,Warwick
Bhutan,Bumthang
Bhutan,Chhukha
Bhutan,Chirang
Bhutan,Daga
Bhutan,Geylegphug
Bhutan,Ha
Bhutan,Lhuntshi
Bhutan,Mongar
Bhutan,Paro
Bhutan,Pemagatsel
Bhutan,Punakha
Bhutan,Samchi
Bhutan,Samdrup Jongkhar
Bhutan,Shemgang
Bhutan,Tashigang
Bhutan,Thimphu
Bhutan,Tongsa
Bhutan,Wangdi Phodrang
Bolivia,Beni
Bolivia,Chuquisaca
Bolivia,Cochabamba
Bolivia,La Paz
Bolivia,Oruro
Bolivia,Pando
Bolivia,Potosi
Bolivia,Santa Cruz
Bolivia,Tarija
Bosnia and Herzegovina,Federation of Bosnia an
Bosnia and Herzegovina,Republika Srpska
Botswana,Central
Botswana,Chobe
Botswana,Francistown
Botswana,Gaborone
Botswana,Ghanzi
Botswana,Kgalagadi
Botswana,Kgatleng
Botswana,Kweneng
Botswana,Lobatse
Botswana,Ngamiland
Botswana,North-East
Botswana,Selebi-Pikwe
Botswana,South-East
Botswana,Southern
Brazil,Acre
Brazil,Alagoas
Brazil,Amapa
Brazil,Amazonas
Brazil,Bahia
Brazil,Ceara
Brazil,Distrito Federal
Brazil,Espirito Santo
Brazil,Goias
Brazil,Maranhao
Brazil,Mato Grosso
Brazil,Mato Grosso do Sul
Brazil,Minas Gerais
Brazil,Para
Brazil,Paraiba
Brazil,Parana
Brazil,Pernambuco
Brazil,Piaui
Brazil,Rio de Janeiro
Brazil,Rio Grande do Norte
Brazil,Rio Grande do Sul
Brazil,Rondonia
Brazil,Roraima
Brazil,Santa Catarina
Brazil,Sao Paulo
Brazil,Sergipe
Brazil,Tocantins
British Virgin Islands,Anegada
British Virgin Islands,Jost Van Dyke
British Virgin Islands,Tortola
British Virgin Islands,Virgin Gorda
Brunei,Belait
Brunei,Brunei and Muara
Brunei,Temburong
Brunei,Tutong
Bulgaria,Blagoevgrad
Bulgaria,Burgas
Bulgaria,Dobrich
Bulgaria,Gabrovo
Bulgaria,Khaskovo
Bulgaria,Kurdzhali
Bulgaria,Kyustendil
Bulgaria,Lovech
Bulgaria,Montana
Bulgaria,Pazardzhik
Bulgaria,Pernik
Bulgaria,Pleven
Bulgaria,Plovdiv
Bulgaria,Razgrad
Bulgaria,Ruse
Bulgaria,Shumen
Bulgaria,Silistra
Bulgaria,Sliven
Bulgaria,Smolyan
Bulgaria,Sofiya
Bulgaria,Sofiya-Grad
Bulgaria,Stara Zagora
Bulgaria,Turgovishte
Bulgaria,Varna
Bulgaria,Veliko Turnovo
Bulgaria,Vidin
Bulgaria,Vratsa
Bulgaria,Yambol
Burkina Faso,Bale
Burkina Faso,Bam
Burkina Faso,Banwa
Burkina Faso,Bazega
Burkina Faso,Bougouriba
Burkina Faso,Boulgou
Burkina Faso,Boulkiemde
Burkina Faso,Comoe
Burkina Faso,Ganzourgou
Burkina Faso,Gnagna
Burkina Faso,Gourma
Burkina Faso,Houet
Burkina Faso,Ioba
Burkina Faso,Kadiogo
Burkina Faso,Kenedougou
Burkina Faso,Komandjari
Burkina Faso,Kompienga
Burkina Faso,Kossi
Burkina Faso,Koupelogo
Burkina Faso,Kouritenga
Burkina Faso,Kourweogo
Burkina Faso,Leraba
Burkina Faso,Loroum
Burkina Faso,Mouhoun
Burkina Faso,Nahouri
Burkina Faso,Namentenga
Burkina Faso,Naumbiel
Burkina Faso,Nayala
Burkina Faso,Oubritenga
Burkina Faso,Oudalan
Burkina Faso,Passore
Burkina Faso,Poni
Burkina Faso,Samentenga
Burkina Faso,Sanguie
Burkina Faso,Seno
Burkina Faso,Sissili
Burkina Faso,Soum
Burkina Faso,Sourou
Burkina Faso,Tapoa
Burkina Faso,Tuy
Burkina Faso,Yagha
Burkina Faso,Yatenga
Burkina Faso,Ziro
Burkina Faso,Zondomo
Burkina Faso,Zoundweogo
Burma,Ayeyarwady
Burma,Bago
Burma,Chin State
Burma,Kachin State
Burma,Kayah State
Burma,Kayin State
Burma,Magway
Burma,Mandalay
Burma,Mon State
Burma,Rakhine State
Burma,Sagaing
Burma,Shan State
Burma,Tanintharyi
Burma,Yangon
Burundi,Bubanza
Burundi,Bujumbura
Burundi,Bururi
Burundi,Cankuzo
Burundi,Cibitoke
Burundi,Gitega
Burundi,Karuzi
Burundi,Kayanza
Burundi,Kirundo
Burundi,Makamba
Burundi,Muramvya
Burundi,Muyinga
Burundi,Mwaro
Burundi,Ngozi
Burundi,Rutana
Burundi,Ruyigi
Cambodia,Banteay Mean Cheay
Cambodia,Batdambang
Cambodia,Kampong Cham
Cambodia,Kampong Chhnang
Cambodia,Kampong Spoe
Cambodia,Kampong Thum
Cambodia,Kampot
Cambodia,Kandal
Cambodia,Kaoh Kong
Cambodia,Keb
Cambodia,Kracheh
Cambodia,Mondol Kiri
Cambodia,Otdar Mean Cheay
Cambodia,Pailin
Cambodia,Phnum Penh
Cambodia,Pouthisat
Cambodia,Preah Seihanu (Sihanoukville)
Cambodia,Preah Vihear
Cambodia,Prey Veng
Cambodia,Rotanah Kiri
Cambodia,Siem Reab
Cambodia,Stoeng Treng
Cambodia,Svay Rieng
Cambodia,Takev
Cameroon,Adamaoua
Cameroon,Centre
Cameroon,Est
Cameroon,Extreme-Nord
Cameroon,Littoral
Cameroon,Nord
Cameroon,Nord-Ouest
Cameroon,Ouest
Cameroon,Sud
Cameroon,Sud-Ouest
Canada,Alberta
Canada,British Columbia
Canada,Manitoba
Canada,New Brunswick
Canada,Newfoundland
Canada,Northwest Territories
Canada,Nova Scotia
Canada,Nunavut
Canada,Ontario
Canada,Prince Edward Island
Canada,Quebec
Canada,Saskatchewan
Canada,Yukon Territory
Cape Verde,Boa Vista
Cape Verde,Brava
Cape Verde,Maio
Cape Verde,Mosteiros
Cape Verde,Paul
Cape Verde,Porto Novo
Cape Verde,Praia
Cape Verde,Ribeira Grande
Cape Verde,Sal
Cape Verde,Santa Catarina
Cape Verde,Santa Cruz
Cape Verde,Sao Domingos
Cape Verde,Sao Filipe
Cape Verde,Sao Nicolau
Cape Verde,Sao Vicente
Cape Verde,Tarrafal
Cayman Islands,Creek
Cayman Islands,Eastern
Cayman Islands,Midland
Cayman Islands,South Town
Cayman Islands,Spot Bay
Cayman Islands,Stake Bay
Cayman Islands,West End
Cayman Islands,Western
Central African Republic,Bamingui-Bangoran
Central African Republic,Bangui
Central African Republic,Basse-Kotto
Central African Republic,Gribingui
Central African Republic,Haut-Mbomou
Central African Republic,Haute-Kotto
Central African Republic,Haute-Sangha
Central African Republic,Kemo-Gribingui
Central African Republic,Lobaye
Central African Republic,Mbomou
Central African Republic,Nana-Mambere
Central African Republic,Ombella-Mpoko
Central African Republic,Ouaka
Central African Republic,Ouham
Central African Republic,Ouham-Pende
Central African Republic,Sangha
Central African Republic,Vakaga
Chad,Batha
Chad,Biltine
Chad,Borkou-Ennedi-Tibesti
Chad,Chari-Baguirmi
Chad,Guera
Chad,Kanem
Chad,Lac
Chad,Logone Occidental
Chad,Logone Oriental
Chad,Mayo-Kebbi
Chad,Moyen-Chari
Chad,Ouaddai
Chad,Salamat
Chad,Tandjile
Chile,Aisen del General Carlos Ibanez del Camp
Chile,Antofagasta
Chile,Araucania
Chile,Atacama
Chile,Bio-Bio
Chile,Coquimbo
Chile,Libertador General Bernardo OHiggins
Chile,Los Lagos
Chile,Magallanes y de la Antartica Chilena
Chile,Maule
Chile,Region Metropolitana (Santiago)
Chile,Tarapaca
Chile,Valparaiso
China,Anhui
China,Beijing
China,Chongqing
China,Fujian
China,Gansu
China,Guangdong
China,Guangxi
China,Guizhou
China,Hainan
China,Hebei
China,Heilongjiang
China,Henan
China,Hubei
China,Hunan
China,Jiangsu
China,Jiangxi
China,Jilin
China,Liaoning
China,Nei Mongol
China,Ningxia
China,Qinghai
China,Shaanxi
China,Shandong
China,Shanghai
China,Shanxi
China,Sichuan
China,Tianjin
China,Xinjiang
China,Xizang (Tibet)
China,Yunnan
China,Zhejiang
Christmas Island,Christmas Island
Clipperton Island,Clipperton Island
Cocos (Keeling) Islands,Direction Island
Cocos (Keeling) Islands,Home Island
Cocos (Keeling) Islands,Horsburgh Island
Cocos (Keeling) Islands,North Keeling Island)
Cocos (Keeling) Islands,South Island
Cocos (Keeling) Islands,West Island
Colombia,Amazonas
Colombia,Antioquia
Colombia,Arauca
Colombia,Atlantico
Colombia,Bolivar
Colombia,Boyaca
Colombia,Caldas
Colombia,Caqueta
Colombia,Casanare
Colombia,Cauca
Colombia,Cesar
Colombia,Choco
Colombia,Cordoba
Colombia,Cundinamarca
Colombia,Distrito Capital de Santa Fe de Bogot
Colombia,Guainia
Colombia,Guaviare
Colombia,Huila
Colombia,La Guajira
Colombia,Magdalena
Colombia,Meta
Colombia,Narino
Colombia,Norte de Santander
Colombia,Putumayo
Colombia,Quindio
Colombia,Risaralda
Colombia,San Andres y Providencia
Colombia,Santander
Colombia,Sucre
Colombia,Tolima
Colombia,Valle del Cauca
Colombia,Vaupes
Colombia,Vichada
Comoros,Anjouan (Nzwani)
Comoros,Domoni
Comoros,Fomboni
Comoros,Grande Comore (Njazidja)
Comoros,Moheli (Mwali)
Comoros,Moroni
Comoros,Moutsamoudou
Congo,Bandundu
Congo,Bas-Congo
Congo,Equateur
Congo,Kasai-Occidental
Congo,Kasai-Oriental
Congo,Katanga
Congo,Kinshasa
Congo,Maniema
Congo,Nord-Kivu
Congo,Orientale
Congo,Sud-Kivu
Bouenza,NULL
Brazzaville,NULL
Cuvette,NULL
Kouilou,NULL
Lekoumou,NULL
Likouala,NULL
Niari,NULL
Plateaux,NULL
Pool,NULL
Sangha,NULL
Cook Islands,Aitutaki
Cook Islands,Atiu
Cook Islands,Avarua
Cook Islands,Mangaia
Cook Islands,Manihiki
Cook Islands,Manuae
Cook Islands,Mauke
Cook Islands,Mitiaro
Cook Islands,Nassau Island
Cook Islands,Palmerston
Cook Islands,Penrhyn
Cook Islands,Pukapuka
Cook Islands,Rakahanga
Cook Islands,Rarotonga
Cook Islands,Suwarrow
Cook Islands,Takutea
Costa Rica,Alajuela
Costa Rica,Cartago
Costa Rica,Guanacaste
Costa Rica,Heredia
Costa Rica,Limon
Costa Rica,Puntarenas
Costa Rica,San Jose
ULL,Cote dIvoire,Abengourou
ULL,Cote dIvoire,Abidjan
ULL,Cote dIvoire,Aboisso
ULL,Cote dIvoire,Adiake
ULL,Cote dIvoire,Adzope
ULL,Cote dIvoire,Agboville
ULL,Cote dIvoire,Agnibilekrou
ULL,Cote dIvoire,Alepe
ULL,Cote dIvoire,Bangolo
ULL,Cote dIvoire,Beoumi
ULL,Cote dIvoire,Biankouma
ULL,Cote dIvoire,Bocanda
ULL,Cote dIvoire,Bondoukou
ULL,Cote dIvoire,Bongouanou
ULL,Cote dIvoire,Bouafle
ULL,Cote dIvoire,Bouake
ULL,Cote dIvoire,Bouna
ULL,Cote dIvoire,Boundiali
ULL,Cote dIvoire,Dabakala
ULL,Cote dIvoire,Dabon
ULL,Cote dIvoire,Daloa
ULL,Cote dIvoire,Danane
ULL,Cote dIvoire,Daoukro
ULL,Cote dIvoire,Dimbokro
ULL,Cote dIvoire,Divo
ULL,Cote dIvoire,Duekoue
ULL,Cote dIvoire,Ferkessedougou
ULL,Cote dIvoire,Gagnoa
ULL,Cote dIvoire,Grand Bassam
ULL,Cote dIvoire,Grand-Lahou
ULL,Cote dIvoire,Guiglo
ULL,Cote dIvoire,Issia
ULL,Cote dIvoire,Jacqueville
ULL,Cote dIvoire,Katiola
ULL,Cote dIvoire,Korhogo
ULL,Cote dIvoire,Lakota
ULL,Cote dIvoire,Man
ULL,Cote dIvoire,Mankono
ULL,Cote dIvoire,Mbahiakro
ULL,Cote dIvoire,Odienne
ULL,Cote dIvoire,Oume
ULL,Cote dIvoire,Sakassou
ULL,Cote dIvoire,San-Pedro
ULL,Cote dIvoire,Sassandra
ULL,Cote dIvoire,Seguela
ULL,Cote dIvoire,Sinfra
ULL,Cote dIvoire,Soubre
ULL,Cote dIvoire,Tabou
ULL,Cote dIvoire,Tanda
ULL,Cote dIvoire,Tiassale
ULL,Cote dIvoire,Tiebissou
ULL,Cote dIvoire,Tingrela
ULL,Cote dIvoire,Touba
ULL,Cote dIvoire,Toulepleu
ULL,Cote dIvoire,Toumodi
ULL,Cote dIvoire,Vavoua
ULL,Cote dIvoire,Yamoussoukro
ULL,Cote dIvoire,Zuenoula
Croatia,Bjelovarsko-Bilogorska Zupanija
Croatia,Brodsko-Posavska Zupanija
Croatia,Dubrovacko-Neretvanska Zupanija
Croatia,Istarska Zupanija
Croatia,Karlovacka Zupanija
Croatia,Koprivnicko-Krizevacka Zupanija
Croatia,Krapinsko-Zagorska Zupanija
Croatia,Licko-Senjska Zupanija
Croatia,Medimurska Zupanija
Croatia,Osjecko-Baranjska Zupanija
Croatia,Pozesko-Slavonska Zupanija
Croatia,Primorsko-Goranska Zupanija
Croatia,Sibensko-Kninska Zupanija
Croatia,Sisacko-Moslavacka Zupanija
Croatia,Splitsko-Dalmatinska Zupanija
Croatia,Varazdinska Zupanija
Croatia,Viroviticko-Podravska Zupanija
Croatia,Vukovarsko-Srijemska Zupanija
Croatia,Zadarska Zupanija
Croatia,Zagreb
Croatia,Zagrebacka Zupanija
Cuba,Camaguey
Cuba,Ciego de Avila
Cuba,Cienfuegos
Cuba,Ciudad de La Habana
Cuba,Granma
Cuba,Guantanamo
Cuba,Holguin
Cuba,Isla de la Juventud
Cuba,La Habana
Cuba,Las Tunas
Cuba,Matanzas
Cuba,Pinar del Rio
Cuba,Sancti Spiritus
Cuba,Santiago de Cuba
Cuba,Villa Clara
Cyprus,Famagusta
Cyprus,Kyrenia
Cyprus,Larnaca
Cyprus,Limassol
Cyprus,Nicosia
Cyprus,Paphos
Czeck Republic,Brnensky
Czeck Republic,Budejovicky
Czeck Republic,Jihlavsky
Czeck Republic,Karlovarsky
Czeck Republic,Kralovehradecky
Czeck Republic,Liberecky
Czeck Republic,Olomoucky
Czeck Republic,Ostravsky
Czeck Republic,Pardubicky
Czeck Republic,Plzensky
Czeck Republic,Praha
Czeck Republic,Stredocesky
Czeck Republic,Ustecky
Czeck Republic,Zlinsky
Denmark,Arhus
Denmark,Bornholm
Denmark,Fredericksberg
Denmark,Frederiksborg
Denmark,Fyn
Denmark,Kobenhavn
Denmark,Kobenhavns
Denmark,Nordjylland
Denmark,Ribe
Denmark,Ringkobing
Denmark,Roskilde
Denmark,Sonderjylland
Denmark,Storstrom
Denmark,Vejle
Denmark,Vestsjalland
Denmark,Viborg
Djibouti,Ali Sabih
Djibouti,Dikhil
Djibouti,Djibouti
Djibouti,Obock
Djibouti,Tadjoura
Dominica,Saint Andrew
Dominica,Saint David
Dominica,Saint George
Dominica,Saint John
Dominica,Saint Joseph
Dominica,Saint Luke
Dominica,Saint Mark
Dominica,Saint Patrick
Dominica,Saint Paul
Dominica,Saint Peter
Dominican Republic,Azua
Dominican Republic,Baoruco
Dominican Republic,Barahona
Dominican Republic,Dajabon
Dominican Republic,Distrito Nacional
Dominican Republic,Duarte
Dominican Republic,El Seibo
Dominican Republic,Elias Pina
Dominican Republic,Espaillat
Dominican Republic,Hato Mayor
Dominican Republic,Independencia
Dominican Republic,La Altagracia
Dominican Republic,La Romana
Dominican Republic,La Vega
Dominican Republic,Maria Trinidad Sanchez
Dominican Republic,Monsenor Nouel
Dominican Republic,Monte Cristi
Dominican Republic,Monte Plata
Dominican Republic,Pedernales
Dominican Republic,Peravia
Dominican Republic,Puerto Plata
Dominican Republic,Salcedo
Dominican Republic,Samana
Dominican Republic,San Cristobal
Dominican Republic,San Juan
Dominican Republic,San Pedro de Macoris
Dominican Republic,Sanchez Ramirez
Dominican Republic,Santiago
Dominican Republic,Santiago Rodriguez
Dominican Republic,Valverde
Ecuador,Azuay
Ecuador,Bolivar
Ecuador,Canar
Ecuador,Carchi
Ecuador,Chimborazo
Ecuador,Cotopaxi
Ecuador,El Oro
Ecuador,Esmeraldas
Ecuador,Galapagos
Ecuador,Guayas
Ecuador,Imbabura
Ecuador,Loja
Ecuador,Los Rios
Ecuador,Manabi
Ecuador,Morona-Santiago
Ecuador,Napo
Ecuador,Orellana
Ecuador,Pastaza
Ecuador,Pichincha
Ecuador,Sucumbios
Ecuador,Tungurahua
Ecuador,Zamora-Chinchipe
Egypt,Ad Daqahliyah
Egypt,Al Bahr al Ahmar
Egypt,Al Buhayrah
Egypt,Al Fayyum
Egypt,Al Gharbiyah
Egypt,Al Iskandariyah
Egypt,Al Ismailiyah
Egypt,Al Jizah
Egypt,Al Minufiyah
Egypt,Al Minya
Egypt,Al Qahirah
Egypt,Al Qalyubiyah
Egypt,Al Wadi al Jadid
Egypt,As Suways
Egypt,Ash Sharqiyah
Egypt,Aswan
Egypt,Asyut
Egypt,Bani Suwayf
Egypt,Bur Said
Egypt,Dumyat
Egypt,Janub Sina
Egypt,Kafr ash Shaykh
Egypt,Matruh
Egypt,Qina
Egypt,Shamal Sina
Egypt,Suhaj
El Salvador,Ahuachapan
El Salvador,Cabanas
El Salvador,Chalatenango
El Salvador,Cuscatlan
El Salvador,La Libertad
El Salvador,La Paz
El Salvador,La Union
El Salvador,Morazan
El Salvador,San Miguel
El Salvador,San Salvador
El Salvador,San Vicente
El Salvador,Santa Ana
El Salvador,Sonsonate
El Salvador,Usulutan
England,Barking and Dagenham
England,Barnet
England,Barnsley
England,Bath and North East Somerset
England,Bedfordshire
England,Bexley
England,Birmingham
England,Blackburn with Darwen
England,Blackpool
England,Bolton
England,Bournemouth
England,Bracknell Forest
England,Bradford
England,Brent
England,Brighton and Hove
England,Bromley
England,Buckinghamshire
England,Bury
England,Calderdale
England,Cambridgeshire
England,Camden
England,Cheshire
England,City of Bristol
England,City of Kingston upon Hull
England,City of London
England,Cornwall
England,Coventry
England,Croydon
England,Cumbria
England,Darlington
England,Derby
England,Derbyshire
England,Devon
England,Doncaster
England,Dorset
England,Dudley
England,Durham
England,Ealing
England,East Riding of Yorkshire
England,East Sussex
England,Enfield
England,Essex
England,Gateshead
England,Gloucestershire
England,Greenwich
England,Hackney
England,Halton
England,Hammersmith and Fulham
England,Hampshire
England,Haringey
England,Harrow
England,Hartlepool
England,Havering
England,Herefordshire
England,Hertfordshire
England,Hillingdon
England,Hounslow
England,Isle of Wight
England,Islington
England,Kensington and Chelsea
England,Kent
England,Kingston upon Thames
England,Kirklees
England,Knowsley
England,Lambeth
England,Lancashire
England,Leeds
England,Leicester
England,Leicestershire
England,Lewisham
England,Lincolnshire
England,Liverpool
England,Luton
England,Manchester
England,Medway
England,Merton
England,Middlesbrough
England,Milton Keynes
England,Newcastle upon Tyne
England,Newham
England,Norfolk
England,North East Lincolnshire
England,North Lincolnshire
England,North Somerset
England,North Tyneside
England,North Yorkshire
England,Northamptonshire
England,Northumberland
England,Nottingham
England,Nottinghamshire
England,Oldham
England,Oxfordshire
England,Peterborough
England,Plymouth
England,Poole
England,Portsmouth
England,Reading
England,Redbridge
England,Redcar and Cleveland
England,Richmond upon Thames
England,Rochdale
England,Rotherham
England,Rutland
England,Salford
England,Sandwell
England,Sefton
England,Sheffield
England,Shropshire
England,Slough
England,Solihull
England,Somerset
England,South Gloucestershire
England,South Tyneside
England,Southampton
England,Southend-on-Sea
England,Southwark
England,St. Helens
England,Staffordshire
England,Stockport
England,Stockton-on-Tees
England,Stoke-on-Trent
England,Suffolk
England,Sunderland
England,Surrey
England,Sutton
England,Swindon
England,Tameside
England,Telford and Wrekin
England,Thurrock
England,Torbay
England,Tower Hamlets
England,Trafford
England,Wakefield
England,Walsall
England,Waltham Forest
England,Wandsworth
England,Warrington
England,Warwickshire
England,West Berkshire
England,West Sussex
England,Westminster
England,Wigan
England,Wiltshire
England,Windsor and Maidenhead
England,Wirral
England,Wokingham
England,Wolverhampton
England,Worcestershire
England,York
Equatorial Guinea,Annobon
Equatorial Guinea,Bioko Norte
Equatorial Guinea,Bioko Sur
Equatorial Guinea,Centro Sur
Equatorial Guinea,Kie-Ntem
Equatorial Guinea,Litoral
Equatorial Guinea,Wele-Nzas
Eritrea,Akale Guzay
Eritrea,Barka
Eritrea,Denkel
Eritrea,Hamasen
Eritrea,Sahil
Eritrea,Semhar
Eritrea,Senhit
Eritrea,Seraye
Estonia,Harjumaa (Tallinn)
Estonia,Hiiumaa (Kardla)
Estonia,Ida-Virumaa (Johvi)
Estonia,Jarvamaa (Paide)
Estonia,Jogevamaa (Jogeva)
Estonia,Laane-Virumaa (Rakvere)
Estonia,Laanemaa (Haapsalu)
Estonia,Parnumaa (Parnu)
Estonia,Polvamaa (Polva)
Estonia,Raplamaa (Rapla)
Estonia,Saaremaa (Kuessaare)
Estonia,Tartumaa (Tartu)
Estonia,Valgamaa (Valga)
Estonia,Viljandimaa (Viljandi)
Estonia,Vorumaa (Voru)
Ethiopia,Adis Abeba (Addis Ababa)
Ethiopia,Afar
Ethiopia,Amara
Ethiopia,Dire Dawa
Ethiopia,Gambela Hizboch
Ethiopia,Hareri Hizb
Ethiopia,Oromiya
Ethiopia,Sumale
Ethiopia,Tigray
Ethiopia,YeDebub Biheroch Bihereseboch na Hiz
Europa Island,Europa Island
Falkland Islands (Islas Malvinas),Falkland Is
Faroe Islands,Bordoy
Faroe Islands,Eysturoy
Faroe Islands,Mykines
Faroe Islands,Sandoy
Faroe Islands,Skuvoy
Faroe Islands,Streymoy
Faroe Islands,Suduroy
Faroe Islands,Tvoroyri
Faroe Islands,Vagar
Fiji,Central
Fiji,Eastern
Fiji,Northern
Fiji,Rotuma
Fiji,Western
Finland,Aland
Finland,Etela-Suomen Laani
Finland,Ita-Suomen Laani
Finland,Lansi-Suomen Laani
Finland,Lappi
Finland,Oulun Laani
France,Alsace
France,Aquitaine
France,Auvergne
France,Basse-Normandie
France,Bourgogne
France,Bretagne
France,Centre
France,Champagne-Ardenne
France,Corse
France,Franche-Comte
France,Haute-Normandie
France,Ile-de-France
France,Languedoc-Roussillon
France,Limousin
France,Lorraine
France,Midi-Pyrenees
France,Nord-Pas-de-Calais
France,Pays de la Loire
France,Picardie
France,Poitou-Charentes
France,Provence-Alpes-Cote dAzur
France,Rhone-Alpes
French Guiana,French Guiana
French Polynesia,Archipel des Marquises
French Polynesia,Archipel des Tuamotu
French Polynesia,Archipel des Tubuai
French Polynesia,Iles du Vent
French Polynesia,Iles Sous-le-Vent
French Southern and Antarctic Lands,Adelie La
French Southern and Antarctic Lands,Ile Croze
French Southern and Antarctic Lands,Iles Kerg
French Southern and Antarctic Lands,Iles Sain
Gabon,Estuaire
Gabon,Haut-Ogooue
Gabon,Moyen-Ogooue
Gabon,Ngounie
Gabon,Nyanga
Gabon,Ogooue-Ivindo
Gabon,Ogooue-Lolo
Gabon,Ogooue-Maritime
Gabon,Woleu-Ntem
Gambia,Banjul
Gambia,Central River
Gambia,Lower River
Gambia,North Bank
Gambia,Upper River
Gambia,Western
Gaza Strip,Gaza Strip
Georgia,Abashis
Georgia,Abkhazia or Apkhazetis Avtonomiuri Re
Georgia,Adigenis
Georgia,Ajaria or Acharis Avtonomiuri Respubl
Georgia,Akhalgoris
Georgia,Akhalkalakis
Georgia,Akhaltsikhis
Georgia,Akhmetis
Georgia,Ambrolauris
Georgia,Aspindzis
Georgia,Baghdatis
Georgia,Bolnisis
Georgia,Borjomis
Georgia,Chkhorotsqus
Georgia,Chokhatauris
Georgia,Chiatura
Georgia,Dedoplistsqaros
Georgia,Dmanisis
Georgia,Dushetis
Georgia,Gardabanis
Georgia,Gori
Georgia,Goris
Georgia,Gurjaanis
Georgia,Javis
Georgia,Karelis
Georgia,Kutaisi
Georgia,Kaspis
Georgia,Kharagaulis
Georgia,Khashuris
Georgia,Khobis
Georgia,Khonis
Georgia,Lagodekhis
Georgia,Lanchkhutis
Georgia,Lentekhis
Georgia,Marneulis
Georgia,Martvilis
Georgia,Mestiis
Georgia,Mtskhetis
Georgia,Ninotsmindis
Georgia,Onis
Georgia,Ozurgetis
Georgia,Poti
Georgia,Qazbegis
Georgia,Qvarlis
Georgia,Rustavi
Georgia,Sachkheris
Georgia,Sagarejos
Georgia,Samtrediis
Georgia,Senakis
Georgia,Sighnaghis
Georgia,Tbilisi
Georgia,Telavis
Georgia,Terjolis
Georgia,Tetritsqaros
Georgia,Tianetis
Georgia,Tqibuli
Georgia,Tsageris
Georgia,Tsalenjikhis
Georgia,Tsalkis
Georgia,Tsqaltubo
Georgia,Vanis
Georgia,Zestaponis
Georgia,Zugdidi
Georgia,Zugdidis
Germany,Baden-Wuerttemberg
Germany,Bayern
Germany,Berlin
Germany,Brandenburg
Germany,Bremen
Germany,Hamburg
Germany,Hessen
Germany,Mecklenburg-Vorpommern
Germany,Niedersachsen
Germany,Nordrhein-Westfalen
Germany,Rheinland-Pfalz
Germany,Saarland
Germany,Sachsen
Germany,Sachsen-Anhalt
Germany,Schleswig-Holstein
Germany,Thueringen
Ghana,Ashanti
Ghana,Brong-Ahafo
Ghana,Central
Ghana,Eastern
Ghana,Greater Accra
Ghana,Northern
Ghana,Upper East
Ghana,Upper West
Ghana,Volta
Ghana,Western
Gibraltar,Gibraltar
Glorioso Islands,Ile du Lys
Glorioso Islands,Ile Glorieuse
Greece,Aitolia kai Akarnania
Greece,Akhaia
Greece,Argolis
Greece,Arkadhia
Greece,Arta
Greece,Attiki
Greece,Ayion Oros (Mt. Athos)
Greece,Dhodhekanisos
Greece,Drama
Greece,Evritania
Greece,Evros
Greece,Evvoia
Greece,Florina
Greece,Fokis
Greece,Fthiotis
Greece,Grevena
Greece,Ilia
Greece,Imathia
Greece,Ioannina
Greece,Irakleion
Greece,Kardhitsa
Greece,Kastoria
Greece,Kavala
Greece,Kefallinia
Greece,Kerkyra
Greece,Khalkidhiki
Greece,Khania
Greece,Khios
Greece,Kikladhes
Greece,Kilkis
Greece,Korinthia
Greece,Kozani
Greece,Lakonia
Greece,Larisa
Greece,Lasithi
Greece,Lesvos
Greece,Levkas
Greece,Magnisia
Greece,Messinia
Greece,Pella
Greece,Pieria
Greece,Preveza
Greece,Rethimni
Greece,Rodhopi
Greece,Samos
Greece,Serrai
Greece,Thesprotia
Greece,Thessaloniki
Greece,Trikala
Greece,Voiotia
Greece,Xanthi
Greece,Zakinthos
Greenland,Avannaa (Nordgronland)
Greenland,Kitaa (Vestgronland)
Greenland,Tunu (Ostgronland)
Grenada,Carriacou and Petit Martinique
Grenada,Saint Andrew
Grenada,Saint David
Grenada,Saint George
Grenada,Saint John
Grenada,Saint Mark
Grenada,Saint Patrick
Guadeloupe,Basse-Terre
Guadeloupe,Grande-Terre
Guadeloupe,Iles de la Petite Terre
Guadeloupe,Iles des Saintes
Guadeloupe,Marie-Galante
Guam,Guam
Guatemala,Alta Verapaz
Guatemala,Baja Verapaz
Guatemala,Chimaltenango
Guatemala,Chiquimula
Guatemala,El Progreso
Guatemala,Escuintla
Guatemala,Guatemala
Guatemala,Huehuetenango
Guatemala,Izabal
Guatemala,Jalapa
Guatemala,Jutiapa
Guatemala,Peten
Guatemala,Quetzaltenango
Guatemala,Quiche
Guatemala,Retalhuleu
Guatemala,Sacatepequez
Guatemala,San Marcos
Guatemala,Santa Rosa
Guatemala,Solola
Guatemala,Suchitepequez
Guatemala,Totonicapan
Guatemala,Zacapa
Guernsey,Castel
Guernsey,Forest
Guernsey,St. Andrew
Guernsey,St. Martin
Guernsey,St. Peter Port
Guernsey,St. Pierre du Bois
Guernsey,St. Sampson
Guernsey,St. Saviour
Guernsey,Torteval
Guernsey,Vale
Guinea,Beyla
Guinea,Boffa
Guinea,Boke
Guinea,Conakry
Guinea,Coyah
Guinea,Dabola
Guinea,Dalaba
Guinea,Dinguiraye
Guinea,Dubreka
Guinea,Faranah
Guinea,Forecariah
Guinea,Fria
Guinea,Gaoual
Guinea,Gueckedou
Guinea,Kankan
Guinea,Kerouane
Guinea,Kindia
Guinea,Kissidougou
Guinea,Koubia
Guinea,Koundara
Guinea,Kouroussa
Guinea,Labe
Guinea,Lelouma
Guinea,Lola
Guinea,Macenta
Guinea,Mali
Guinea,Mamou
Guinea,Mandiana
Guinea,Nzerekore
Guinea,Pita
Guinea,Siguiri
Guinea,Telimele
Guinea,Tougue
Guinea,Yomou
Guinea-Bissau,Bafata
Guinea-Bissau,Biombo
Guinea-Bissau,Bissau
Guinea-Bissau,Bolama-Bijagos
Guinea-Bissau,Cacheu
Guinea-Bissau,Gabu
Guinea-Bissau,Oio
Guinea-Bissau,Quinara
Guinea-Bissau,Tombali
Guyana,Barima-Waini
Guyana,Cuyuni-Mazaruni
Guyana,Demerara-Mahaica
Guyana,East Berbice-Corentyne
Guyana,Essequibo Islands-West Demerara
Guyana,Mahaica-Berbice
Guyana,Pomeroon-Supenaam
Guyana,Potaro-Siparuni
Guyana,Upper Demerara-Berbice
Guyana,Upper Takutu-Upper Essequibo
Haiti,Artibonite
Haiti,Centre
Haiti,GrandAnse
Haiti,Nord
Haiti,Nord-Est
Haiti,Nord-Ouest
Haiti,Ouest
Haiti,Sud
Haiti,Sud-Est
Heard Island and McDonald Islands,Heard Isla
Holy See (Vatican City),Holy See (Vatican Ci
Honduras,Atlantida
Honduras,Choluteca
Honduras,Colon
Honduras,Comayagua
Honduras,Copan
Honduras,Cortes
Honduras,El Paraiso
Honduras,Francisco Morazan
Honduras,Gracias a Dios
Honduras,Intibuca
Honduras,Islas de la Bahia
Honduras,La Paz
Honduras,Lempira
Honduras,Ocotepeque
Honduras,Olancho
Honduras,Santa Barbara
Honduras,Valle
Honduras,Yoro
Hong Kong,Hong Kong
Howland Island,Howland Island
Hungary,Bacs-Kiskun
Hungary,Baranya
Hungary,Bekes
Hungary,Bekescsaba
Hungary,Borsod-Abauj-Zemplen
Hungary,Budapest
Hungary,Csongrad
Hungary,Debrecen
Hungary,Dunaujvaros
Hungary,Eger
Hungary,Fejer
Hungary,Gyor
Hungary,Gyor-Moson-Sopron
Hungary,Hajdu-Bihar
Hungary,Heves
Hungary,Hodmezovasarhely
Hungary,Jasz-Nagykun-Szolnok
Hungary,Kaposvar
Hungary,Kecskemet
Hungary,Komarom-Esztergom
Hungary,Miskolc
Hungary,Nagykanizsa
Hungary,Nograd
Hungary,Nyiregyhaza
Hungary,Pecs
Hungary,Pest
Hungary,Somogy
Hungary,Sopron
Hungary,Szabolcs-Szatmar-Bereg
Hungary,Szeged
Hungary,Szekesfehervar
Hungary,Szolnok
Hungary,Szombathely
Hungary,Tatabanya
Hungary,Tolna
Hungary,Vas
Hungary,Veszprem
Hungary,Veszprem
Hungary,Zala
Hungary,Zalaegerszeg
Iceland,Akranes
Iceland,Akureyri
Iceland,Arnessysla
Iceland,Austur-Bardhastrandarsysla
Iceland,Austur-Hunavatnssysla
Iceland,Austur-Skaftafellssysla
Iceland,Borgarfjardharsysla
Iceland,Dalasysla
Iceland,Eyjafjardharsysla
Iceland,Gullbringusysla
Iceland,Hafnarfjordhur
Iceland,Husavik
Iceland,Isafjordhur
Iceland,Keflavik
Iceland,Kjosarsysla
Iceland,Kopavogur
Iceland,Myrasysla
Iceland,Neskaupstadhur
Iceland,Nordhur-Isafjardharsysla
Iceland,Nordhur-Mulasys-la
Iceland,Nordhur-Thingeyjarsysla
Iceland,Olafsfjordhur
Iceland,Rangarvallasysla
Iceland,Reykjavik
Iceland,Saudharkrokur
Iceland,Seydhisfjordhur
Iceland,Siglufjordhur
Iceland,Skagafjardharsysla
Iceland,Snaefellsnes-og Hnappadalssysla
Iceland,Strandasysla
Iceland,Sudhur-Mulasysla
Iceland,Sudhur-Thingeyjarsysla
Iceland,Vesttmannaeyjar
Iceland,Vestur-Bardhastrandarsysla
Iceland,Vestur-Hunavatnssysla
Iceland,Vestur-Isafjardharsysla
Iceland,Vestur-Skaftafellssysla
India,Andaman and Nicobar Islands
India,Andhra Pradesh
India,Arunachal Pradesh
India,Assam
India,Bihar
India,Chandigarh
India,Chhattisgarh
India,Dadra and Nagar Haveli
India,Daman and Diu
India,Delhi
India,Goa
India,Gujarat
India,Haryana
India,Himachal Pradesh
India,Jammu and Kashmir
India,Jharkhand
India,Karnataka
India,Kerala
India,Lakshadweep
India,Madhya Pradesh
India,Maharashtra
India,Manipur
India,Meghalaya
India,Mizoram
India,Nagaland
India,Orissa
India,Pondicherry
India,Punjab
India,Rajasthan
India,Sikkim
India,Tamil Nadu
India,Tripura
India,Uttar Pradesh
India,Uttaranchal
India,West Bengal
Indonesia,Aceh
Indonesia,Bali
Indonesia,Banten
Indonesia,Bengkulu
Indonesia,East Timor
Indonesia,Gorontalo
Indonesia,Irian Jaya
Indonesia,Jakarta Raya
Indonesia,Jambi
Indonesia,Jawa Barat
Indonesia,Jawa Tengah
Indonesia,Jawa Timur
Indonesia,Kalimantan Barat
Indonesia,Kalimantan Selatan
Indonesia,Kalimantan Tengah
Indonesia,Kalimantan Timur
Indonesia,Kepulauan Bangka Belitung
Indonesia,Lampung
Indonesia,Maluku
Indonesia,Maluku Utara
Indonesia,Nusa Tenggara Barat
Indonesia,Nusa Tenggara Timur
Indonesia,Riau
Indonesia,Sulawesi Selatan
Indonesia,Sulawesi Tengah
Indonesia,Sulawesi Tenggara
Indonesia,Sulawesi Utara
Indonesia,Sumatera Barat
Indonesia,Sumatera Selatan
Indonesia,Sumatera Utara
Indonesia,Yogyakarta
Iran,Ardabil
Iran,Azarbayjan-e Gharbi
Iran,Azarbayjan-e Sharqi
Iran,Bushehr
Iran,Chahar Mahall va Bakhtiari
Iran,Esfahan
Iran,Fars
Iran,Gilan
Iran,Golestan
Iran,Hamadan
Iran,Hormozgan
Iran,Ilam
Iran,Kerman
Iran,Kermanshah
Iran,Khorasan
Iran,Khuzestan
Iran,Kohgiluyeh va Buyer Ahmad
Iran,Kordestan
Iran,Lorestan
Iran,Markazi
Iran,Mazandaran
Iran,Qazvin
Iran,Qom
Iran,Semnan
Iran,Sistan va Baluchestan
Iran,Tehran
Iran,Yazd
Iran,Zanjan
Iraq,Al Anbar
Iraq,Al Basrah
Iraq,Al Muthanna
Iraq,Al Qadisiyah
Iraq,An Najaf
Iraq,Arbil
Iraq,As Sulaymaniyah
Iraq,At Tamim
Iraq,Babil
Iraq,Baghdad
Iraq,Dahuk
Iraq,Dhi Qar
Iraq,Diyala
Iraq,Karbala
Iraq,Maysan
Iraq,Ninawa
Iraq,Salah ad Din
Iraq,Wasit
Ireland,Carlow
Ireland,Cavan
Ireland,Clare
Ireland,Cork
Ireland,Donegal
Ireland,Dublin
Ireland,Galway
Ireland,Kerry
Ireland,Kildare
Ireland,Kilkenny
Ireland,Laois
Ireland,Leitrim
Ireland,Limerick
Ireland,Longford
Ireland,Louth
Ireland,Mayo
Ireland,Meath
Ireland,Monaghan
Ireland,Offaly
Ireland,Roscommon
Ireland,Sligo
Ireland,Tipperary
Ireland,Waterford
Ireland,Westmeath
Ireland,Wexford
Ireland,Wicklow
Ireland, Northern
Ireland, Northern
Ireland, Northern
Ireland, Northern
Ireland, Northern
Ireland, Northern
Ireland, Northern
Ireland, Northern
Ireland, Northern
Ireland, Northern
Ireland, Northern
Ireland, Northern
Ireland, Northern
Ireland, Northern
Ireland, Northern
Ireland, Northern
Ireland, Northern
Ireland, Northern
Ireland, Northern
Ireland, Northern
Ireland, Northern
Ireland, Northern
Ireland, Northern
Ireland, Northern
Ireland, Northern
Ireland, Northern
Israel,Central
Israel,Haifa
Israel,Jerusalem
Israel,Northern
Israel,Southern
Israel,Tel Aviv
Italy,Abruzzi
Italy,Basilicata
Italy,Calabria
Italy,Campania
Italy,Emilia-Romagna
Italy,Friuli-Venezia Giulia
Italy,Lazio
Italy,Liguria
Italy,Lombardia
Italy,Marche
Italy,Molise
Italy,Piemonte
Italy,Puglia
Italy,Sardegna
Italy,Sicilia
Italy,Toscana
Italy,Trentino-Alto Adige
Italy,Umbria
Italy,Valle dAosta
Italy,Veneto
Jamaica,Clarendon
Jamaica,Hanover
Jamaica,Kingston
Jamaica,Manchester
Jamaica,Portland
Jamaica,Saint Andrew
Jamaica,Saint Ann
Jamaica,Saint Catherine
Jamaica,Saint Elizabeth
Jamaica,Saint James
Jamaica,Saint Mary
Jamaica,Saint Thomas
Jamaica,Trelawny
Jamaica,Westmoreland
Jan Mayen,Jan Mayen
Japan,Aichi
Japan,Akita
Japan,Aomori
Japan,Chiba
Japan,Ehime
Japan,Fukui
Japan,Fukuoka
Japan,Fukushima
Japan,Gifu
Japan,Gumma
Japan,Hiroshima
Japan,Hokkaido
Japan,Hyogo
Japan,Ibaraki
Japan,Ishikawa
Japan,Iwate
Japan,Kagawa
Japan,Kagoshima
Japan,Kanagawa
Japan,Kochi
Japan,Kumamoto
Japan,Kyoto
Japan,Mie
Japan,Miyagi
Japan,Miyazaki
Japan,Nagano
Japan,Nagasaki
Japan,Nara
Japan,Niigata
Japan,Oita
Japan,Okayama
Japan,Okinawa
Japan,Osaka
Japan,Saga
Japan,Saitama
Japan,Shiga
Japan,Shimane
Japan,Shizuoka
Japan,Tochigi
Japan,Tokushima
Japan,Tokyo
Japan,Tottori
Japan,Toyama
Japan,Wakayama
Japan,Yamagata
Japan,Yamaguchi
Japan,Yamanashi
Jarvis Island,Jarvis Island
Jersey,Jersey
Johnston Atoll,Johnston Atoll
Jordan,Amman
Jordan,Ajlun
Jordan,Al Aqabah
Jordan,Al Balqa
Jordan,Al Karak
Jordan,Al Mafraq
Jordan,At Tafilah
Jordan,Az Zarqa
Jordan,Irbid
Jordan,Jarash
Jordan,Maan
Jordan,Madaba
Juan de Nova Island,Juan de Nova Island
Kazakhstan,Almaty
Kazakhstan,Aqmola
Kazakhstan,Aqtobe
Kazakhstan,Astana
Kazakhstan,Atyrau
Kazakhstan,Batys Qazaqstan
Kazakhstan,Bayqongyr
Kazakhstan,Mangghystau
Kazakhstan,Ongtustik Qazaqstan
Kazakhstan,Pavlodar
Kazakhstan,Qaraghandy
Kazakhstan,Qostanay
Kazakhstan,Qyzylorda
Kazakhstan,Shyghys Qazaqstan
Kazakhstan,Soltustik Qazaqstan
Kazakhstan,Zhambyl
Kenya,Central
Kenya,Coast
Kenya,Eastern
Kenya,Nairobi Area
Kenya,North Eastern
Kenya,Nyanza
Kenya,Rift Valley
Kenya,Western
Kiribati,Abaiang
Kiribati,Abemama
Kiribati,Aranuka
Kiribati,Arorae
Kiribati,Banaba
Kiribati,Banaba
Kiribati,Beru
Kiribati,Butaritari
Kiribati,Central Gilberts
Kiribati,Gilbert Islands
Kiribati,Kanton
Kiribati,Kiritimati
Kiribati,Kuria
Kiribati,Line Islands
Kiribati,Line Islands
Kiribati,Maiana
Kiribati,Makin
Kiribati,Marakei
Kiribati,Nikunau
Kiribati,Nonouti
Kiribati,Northern Gilberts
Kiribati,Onotoa
Kiribati,Phoenix Islands
Kiribati,Southern Gilberts
Kiribati,Tabiteuea
Kiribati,Tabuaeran
Kiribati,Tamana
Kiribati,Tarawa
Kiribati,Tarawa
Kiribati,Teraina
Korea, North
Korea, North
Korea, North
Korea, North
Korea, North
Korea, North
Korea, North
Korea, North
Korea, North
Korea, North
Korea, North
Korea, North
Korea, South
Korea, South
Korea, South
Korea, South
Korea, South
Korea, South
Korea, South
Korea, South
Korea, South
Korea, South
Korea, South
Korea, South
Korea, South
Korea, South
Korea, South
Korea, South
Kuwait,Al Asimah
Kuwait,Al Ahmadi
Kuwait,Al Farwaniyah
Kuwait,Al Jahra
Kuwait,Hawalli
Kyrgyzstan,Batken Oblasty
Kyrgyzstan,Bishkek Shaary
Kyrgyzstan,Chuy Oblasty (Bishkek)
Kyrgyzstan,Jalal-Abad Oblasty
Kyrgyzstan,Naryn Oblasty
Kyrgyzstan,Osh Oblasty
Kyrgyzstan,Talas Oblasty
Kyrgyzstan,Ysyk-Kol Oblasty (Karakol)
Laos,Attapu
Laos,Bokeo
Laos,Bolikhamxai
Laos,Champasak
Laos,Houaphan
Laos,Khammouan
Laos,Louangnamtha
Laos,Louangphabang
Laos,Oudomxai
Laos,Phongsali
Laos,Salavan
Laos,Savannakhet
Laos,Viangchan
Laos,Viangchan
Laos,Xaignabouli
Laos,Xaisomboun
Laos,Xekong
Laos,Xiangkhoang
Latvia,Aizkraukles Rajons
Latvia,Aluksnes Rajons
Latvia,Balvu Rajons
Latvia,Bauskas Rajons
Latvia,Cesu Rajons
Latvia,Daugavpils
Latvia,Daugavpils Rajons
Latvia,Dobeles Rajons
Latvia,Gulbenes Rajons
Latvia,Jekabpils Rajons
Latvia,Jelgava
Latvia,Jelgavas Rajons
Latvia,Jurmala
Latvia,Kraslavas Rajons
Latvia,Kuldigas Rajons
Latvia,Leipaja
Latvia,Liepajas Rajons
Latvia,Limbazu Rajons
Latvia,Ludzas Rajons
Latvia,Madonas Rajons
Latvia,Ogres Rajons
Latvia,Preilu Rajons
Latvia,Rezekne
Latvia,Rezeknes Rajons
Latvia,Riga
Latvia,Rigas Rajons
Latvia,Saldus Rajons
Latvia,Talsu Rajons
Latvia,Tukuma Rajons
Latvia,Valkas Rajons
Latvia,Valmieras Rajons
Latvia,Ventspils
Latvia,Ventspils Rajons
Lebanon,Beyrouth
Lebanon,Ech Chimal
Lebanon,Ej Jnoub
Lebanon,El Bekaa
Lebanon,Jabal Loubnane
Lesotho,Berea
Lesotho,Butha-Buthe
Lesotho,Leribe
Lesotho,Mafeteng
Lesotho,Maseru
Lesotho,Mohales Hoek
Lesotho,Mokhotlong
Lesotho,Qachas Nek
Lesotho,Quthing
Lesotho,Thaba-Tseka
Liberia,Bomi
Liberia,Bong
Liberia,Grand Bassa
Liberia,Grand Cape Mount
Liberia,Grand Gedeh
Liberia,Grand Kru
Liberia,Lofa
Liberia,Margibi
Liberia,Maryland
Liberia,Montserrado
Liberia,Nimba
Liberia,River Cess
Liberia,Sinoe
Libya,Ajdabiya
Libya,Al Aziziyah
Libya,Al Fatih
Libya,Al Jabal al Akhdar
Libya,Al Jufrah
Libya,Al Khums
Libya,Al Kufrah
Libya,An Nuqat al Khams
Libya,Ash Shati
Libya,Awbari
Libya,Az Zawiyah
Libya,Banghazi
Libya,Darnah
Libya,Ghadamis
Libya,Gharyan
Libya,Misratah
Libya,Murzuq
Libya,Sabha
Libya,Sawfajjin
Libya,Surt
Libya,Tarabulus
Libya,Tarhunah
Libya,Tubruq
Libya,Yafran
Libya,Zlitan
Liechtenstein,Balzers
Liechtenstein,Eschen
Liechtenstein,Gamprin
Liechtenstein,Mauren
Liechtenstein,Planken
Liechtenstein,Ruggell
Liechtenstein,Schaan
Liechtenstein,Schellenberg
Liechtenstein,Triesen
Liechtenstein,Triesenberg
Liechtenstein,Vaduz
Lithuania,Akmenes Rajonas
Lithuania,Alytaus Rajonas
Lithuania,Alytus
Lithuania,Anyksciu Rajonas
Lithuania,Birstonas
Lithuania,Birzu Rajonas
Lithuania,Druskininkai
Lithuania,Ignalinos Rajonas
Lithuania,Jonavos Rajonas
Lithuania,Joniskio Rajonas
Lithuania,Jurbarko Rajonas
Lithuania,Kaisiadoriu Rajonas
Lithuania,Kaunas
Lithuania,Kauno Rajonas
Lithuania,Kedainiu Rajonas
Lithuania,Kelmes Rajonas
Lithuania,Klaipeda
Lithuania,Klaipedos Rajonas
Lithuania,Kretingos Rajonas
Lithuania,Kupiskio Rajonas
Lithuania,Lazdiju Rajonas
Lithuania,Marijampole
Lithuania,Marijampoles Rajonas
Lithuania,Mazeikiu Rajonas
Lithuania,Moletu Rajonas
Lithuania,Neringa Pakruojo Rajonas
Lithuania,Palanga
Lithuania,Panevezio Rajonas
Lithuania,Panevezys
Lithuania,Pasvalio Rajonas
Lithuania,Plunges Rajonas
Lithuania,Prienu Rajonas
Lithuania,Radviliskio Rajonas
Lithuania,Raseiniu Rajonas
Lithuania,Rokiskio Rajonas
Lithuania,Sakiu Rajonas
Lithuania,Salcininku Rajonas
Lithuania,Siauliai
Lithuania,Siauliu Rajonas
Lithuania,Silales Rajonas
Lithuania,Silutes Rajonas
Lithuania,Sirvintu Rajonas
Lithuania,Skuodo Rajonas
Lithuania,Svencioniu Rajonas
Lithuania,Taurages Rajonas
Lithuania,Telsiu Rajonas
Lithuania,Traku Rajonas
Lithuania,Ukmerges Rajonas
Lithuania,Utenos Rajonas
Lithuania,Varenos Rajonas
Lithuania,Vilkaviskio Rajonas
Lithuania,Vilniaus Rajonas
Lithuania,Vilnius
Lithuania,Zarasu Rajonas
Luxembourg,Diekirch
Luxembourg,Grevenmacher
Luxembourg,Luxembourg
Macau,Macau
Macedonia,Aracinovo
Macedonia,Bac
Macedonia,Belcista
Macedonia,Berovo
Macedonia,Bistrica
Macedonia,Bitola
Macedonia,Blatec
Macedonia,Bogdanci
Macedonia,Bogomila
Macedonia,Bogovinje
Macedonia,Bosilovo
Macedonia,Brvenica
Macedonia,Cair (Skopje)
Macedonia,Capari
Macedonia,Caska
Macedonia,Cegrane
Macedonia,Centar (Skopje)
Macedonia,Centar Zupa
Macedonia,Cesinovo
Macedonia,Cucer-Sandevo
Macedonia,Debar
Macedonia,Delcevo
Macedonia,Delogozdi
Macedonia,Demir Hisar
Macedonia,Demir Kapija
Macedonia,Dobrusevo
Macedonia,Dolna Banjica
Macedonia,Dolneni
Macedonia,Dorce Petrov (Skopje)
Macedonia,Drugovo
Macedonia,Dzepciste
Macedonia,Gazi Baba (Skopje)
Macedonia,Gevgelija
Macedonia,Gostivar
Macedonia,Gradsko
Macedonia,Ilinden
Macedonia,Izvor
Macedonia,Jegunovce
Macedonia,Kamenjane
Macedonia,Karbinci
Macedonia,Karpos (Skopje)
Macedonia,Kavadarci
Macedonia,Kicevo
Macedonia,Kisela Voda (Skopje)
Macedonia,Klecevce
Macedonia,Kocani
Macedonia,Konce
Macedonia,Kondovo
Macedonia,Konopiste
Macedonia,Kosel
Macedonia,Kratovo
Macedonia,Kriva Palanka
Macedonia,Krivogastani
Macedonia,Krusevo
Macedonia,Kuklis
Macedonia,Kukurecani
Macedonia,Kumanovo
Macedonia,Labunista
Macedonia,Lipkovo
Macedonia,Lozovo
Macedonia,Lukovo
Macedonia,Makedonska Kamenica
Macedonia,Makedonski Brod
Macedonia,Mavrovi Anovi
Macedonia,Meseista
Macedonia,Miravci
Macedonia,Mogila
Macedonia,Murtino
Macedonia,Negotino
Macedonia,Negotino-Poloska
Macedonia,Novaci
Macedonia,Novo Selo
Macedonia,Oblesevo
Macedonia,Ohrid
Macedonia,Orasac
Macedonia,Orizari
Macedonia,Oslomej
Macedonia,Pehcevo
Macedonia,Petrovec
Macedonia,Plasnia
Macedonia,Podares
Macedonia,Prilep
Macedonia,Probistip
Macedonia,Radovis
Macedonia,Rankovce
Macedonia,Resen
Macedonia,Rosoman
Macedonia,Rostusa
Macedonia,Samokov
Macedonia,Saraj
Macedonia,Sipkovica
Macedonia,Sopiste
Macedonia,Sopotnika
Macedonia,Srbinovo
Macedonia,Star Dojran
Macedonia,Staravina
Macedonia,Staro Nagoricane
Macedonia,Stip
Macedonia,Struga
Macedonia,Strumica
Macedonia,Studenicani
Macedonia,Suto Orizari (Skopje)
Macedonia,Sveti Nikole
Macedonia,Tearce
Macedonia,Tetovo
Macedonia,Topolcani
Macedonia,Valandovo
Macedonia,Vasilevo
Macedonia,Veles
Macedonia,Velesta
Macedonia,Vevcani
Macedonia,Vinica
Macedonia,Vitoliste
Macedonia,Vranestica
Macedonia,Vrapciste
Macedonia,Vratnica
Macedonia,Vrutok
Macedonia,Zajas
Macedonia,Zelenikovo
Macedonia,Zileno
Macedonia,Zitose
Macedonia,Zletovo
Macedonia,Zrnovci
Madagascar,Antananarivo
Madagascar,Antsiranana
Madagascar,Fianarantsoa
Madagascar,Mahajanga
Madagascar,Toamasina
Madagascar,Toliara
Malawi,Balaka
Malawi,Blantyre
Malawi,Chikwawa
Malawi,Chiradzulu
Malawi,Chitipa
Malawi,Dedza
Malawi,Dowa
Malawi,Karonga
Malawi,Kasungu
Malawi,Likoma
Malawi,Lilongwe
Malawi,Machinga (Kasupe)
Malawi,Mangochi
Malawi,Mchinji
Malawi,Mulanje
Malawi,Mwanza
Malawi,Mzimba
Malawi,Nkhata Bay
Malawi,Nkhotakota
Malawi,Nsanje
Malawi,Ntcheu
Malawi,Ntchisi
Malawi,Phalombe
Malawi,Rumphi
Malawi,Salima
Malawi,Thyolo
Malawi,Zomba
Malaysia,Johor
Malaysia,Kedah
Malaysia,Kelantan
Malaysia,Labuan
Malaysia,Melaka
Malaysia,Negeri Sembilan
Malaysia,Pahang
Malaysia,Perak
Malaysia,Perlis
Malaysia,Pulau Pinang
Malaysia,Sabah
Malaysia,Sarawak
Malaysia,Selangor
Malaysia,Terengganu
Malaysia,Wilayah Persekutuan
Maldives,Alifu
Maldives,Baa
Maldives,Dhaalu
Maldives,Faafu
Maldives,Gaafu Alifu
Maldives,Gaafu Dhaalu
Maldives,Gnaviyani
Maldives,Haa Alifu
Maldives,Haa Dhaalu
Maldives,Kaafu
Maldives,Laamu
Maldives,Lhaviyani
Maldives,Maale
Maldives,Meemu
Maldives,Noonu
Maldives,Raa
Maldives,Seenu
Maldives,Shaviyani
Maldives,Thaa
Maldives,Vaavu
Mali,Gao
Mali,Kayes
Mali,Kidal
Mali,Koulikoro
Mali,Mopti
Mali,Segou
Mali,Sikasso
Mali,Tombouctou
Malta,Valletta
Marshall Islands,Ailinginae
Marshall Islands,Ailinglaplap
Marshall Islands,Ailuk
Marshall Islands,Arno
Marshall Islands,Aur
Marshall Islands,Bikar
Marshall Islands,Bikini
Marshall Islands,Bokak
Marshall Islands,Ebon
Marshall Islands,Enewetak
Marshall Islands,Erikub
Marshall Islands,Jabat
Marshall Islands,Jaluit
Marshall Islands,Jemo
Marshall Islands,Kili
Marshall Islands,Kwajalein
Marshall Islands,Lae
Marshall Islands,Lib
Marshall Islands,Likiep
Marshall Islands,Majuro
Marshall Islands,Maloelap
Marshall Islands,Mejit
Marshall Islands,Mili
Marshall Islands,Namorik
Marshall Islands,Namu
Marshall Islands,Rongelap
Marshall Islands,Rongrik
Marshall Islands,Toke
Marshall Islands,Ujae
Marshall Islands,Ujelang
Marshall Islands,Utirik
Marshall Islands,Wotho
Marshall Islands,Wotje
Martinique,Martinique
Mauritania,Adrar
Mauritania,Assaba
Mauritania,Brakna
Mauritania,Dakhlet Nouadhibou
Mauritania,Gorgol
Mauritania,Guidimaka
Mauritania,Hodh Ech Chargui
Mauritania,Hodh El Gharbi
Mauritania,Inchiri
Mauritania,Nouakchott
Mauritania,Tagant
Mauritania,Tiris Zemmour
Mauritania,Trarza
Mauritius,Agalega Islands
Mauritius,Black River
Mauritius,Cargados Carajos Shoals
Mauritius,Flacq
Mauritius,Grand Port
Mauritius,Moka
Mauritius,Pamplemousses
Mauritius,Plaines Wilhems
Mauritius,Port Louis
Mauritius,Riviere du Rempart
Mauritius,Rodrigues
Mauritius,Savanne
Mayotte,Mayotte
Mexico,Aguascalientes
Mexico,Baja California
Mexico,Baja California Sur
Mexico,Campeche
Mexico,Chiapas
Mexico,Chihuahua
Mexico,Coahuila de Zaragoza
Mexico,Colima
Mexico,Distrito Federal
Mexico,Durango
Mexico,Guanajuato
Mexico,Guerrero
Mexico,Hidalgo
Mexico,Jalisco
Mexico,Mexico
Mexico,Michoacan de Ocampo
Mexico,Morelos
Mexico,Nayarit
Mexico,Nuevo Leon
Mexico,Oaxaca
Mexico,Puebla
Mexico,Queretaro de Arteaga
Mexico,Quintana Roo
Mexico,San Luis Potosi
Mexico,Sinaloa
Mexico,Sonora
Mexico,Tabasco
Mexico,Tamaulipas
Mexico,Tlaxcala
Mexico,Veracruz-Llave
Mexico,Yucatan
Mexico,Zacatecas
Micronesia,Chuuk (Truk)
Micronesia,Kosrae
Micronesia,Pohnpei
Micronesia,Yap
Midway Islands,Midway Islands
Moldova,Balti
Moldova,Cahul
Moldova,Chisinau
Moldova,Chisinau
Moldova,Dubasari
Moldova,Edinet
Moldova,Gagauzia
Moldova,Lapusna
Moldova,Orhei
Moldova,Soroca
Moldova,Tighina
Moldova,Ungheni
Monaco,Fontvieille
Monaco,La Condamine
Monaco,Monaco-Ville
Monaco,Monte-Carlo
Mongolia,Arhangay
Mongolia,Bayan-Olgiy
Mongolia,Bayanhongor
Mongolia,Bulgan
Mongolia,Darhan
Mongolia,Dornod
Mongolia,Dornogovi
Mongolia,Dundgovi
Mongolia,Dzavhan
Mongolia,Erdenet
Mongolia,Govi-Altay
Mongolia,Hentiy
Mongolia,Hovd
Mongolia,Hovsgol
Mongolia,Omnogovi
Mongolia,Ovorhangay
Mongolia,Selenge
Mongolia,Suhbaatar
Mongolia,Tov
Mongolia,Ulaanbaatar
Mongolia,Uvs
Montserrat,Saint Anthony
Montserrat,Saint Georges
Montserrat,Saint Peters
Morocco,Agadir
Morocco,Al Hoceima
Morocco,Azilal
Morocco,Ben Slimane
Morocco,Beni Mellal
Morocco,Boulemane
Morocco,Casablanca
Morocco,Chaouen
Morocco,El Jadida
Morocco,El Kelaa des Srarhna
Morocco,Er Rachidia
Morocco,Essaouira
Morocco,Fes
Morocco,Figuig
Morocco,Guelmim
Morocco,Ifrane
Morocco,Kenitra
Morocco,Khemisset
Morocco,Khenifra
Morocco,Khouribga
Morocco,Laayoune
Morocco,Larache
Morocco,Marrakech
Morocco,Meknes
Morocco,Nador
Morocco,Ouarzazate
Morocco,Oujda
Morocco,Rabat-Sale
Morocco,Safi
Morocco,Settat
Morocco,Sidi Kacem
Morocco,Tan-Tan
Morocco,Tanger
Morocco,Taounate
Morocco,Taroudannt
Morocco,Tata
Morocco,Taza
Morocco,Tetouan
Morocco,Tiznit
Mozambique,Cabo Delgado
Mozambique,Gaza
Mozambique,Inhambane
Mozambique,Manica
Mozambique,Maputo
Mozambique,Nampula
Mozambique,Niassa
Mozambique,Sofala
Mozambique,Tete
Mozambique,Zambezia
Namibia,Caprivi
Namibia,Erongo
Namibia,Hardap
Namibia,Karas
Namibia,Khomas
Namibia,Kunene
Namibia,Ohangwena
Namibia,Okavango
Namibia,Omaheke
Namibia,Omusati
Namibia,Oshana
Namibia,Oshikoto
Namibia,Otjozondjupa
Nauru,Aiwo
Nauru,Anabar
Nauru,Anetan
Nauru,Anibare
Nauru,Baiti
Nauru,Boe
Nauru,Buada
Nauru,Denigomodu
Nauru,Ewa
Nauru,Ijuw
Nauru,Meneng
Nauru,Nibok
Nauru,Uaboe
Nauru,Yaren
Nepal,Bagmati
Nepal,Bheri
Nepal,Dhawalagiri
Nepal,Gandaki
Nepal,Janakpur
Nepal,Karnali
Nepal,Kosi
Nepal,Lumbini
Nepal,Mahakali
Nepal,Mechi
Nepal,Narayani
Nepal,Rapti
Nepal,Sagarmatha
Nepal,Seti
Netherlands,Drenthe
Netherlands,Flevoland
Netherlands,Friesland
Netherlands,Gelderland
Netherlands,Groningen
Netherlands,Limburg
Netherlands,Noord-Brabant
Netherlands,Noord-Holland
Netherlands,Overijssel
Netherlands,Utrecht
Netherlands,Zeeland
Netherlands,Zuid-Holland
Netherlands Antilles,Netherlands Antilles
New Caledonia,Iles Loyaute
New Caledonia,Nord
New Caledonia,Sud
New Zealand,Akaroa
New Zealand,Amuri
New Zealand,Ashburton
New Zealand,Bay of Islands
New Zealand,Bruce
New Zealand,Buller
New Zealand,Chatham Islands
New Zealand,Cheviot
New Zealand,Clifton
New Zealand,Clutha
New Zealand,Cook
New Zealand,Dannevirke
New Zealand,Egmont
New Zealand,Eketahuna
New Zealand,Ellesmere
New Zealand,Eltham
New Zealand,Eyre
New Zealand,Featherston
New Zealand,Franklin
New Zealand,Golden Bay
New Zealand,Great Barrier Island
New Zealand,Grey
New Zealand,Hauraki Plains
New Zealand,Hawera
New Zealand,Hawkes Bay
New Zealand,Heathcote
New Zealand,Hikurangi
New Zealand,Hobson
New Zealand,Hokianga
New Zealand,Horowhenua
New Zealand,Hurunui
New Zealand,Hutt
New Zealand,Inangahua
New Zealand,Inglewood
New Zealand,Kaikoura
New Zealand,Kairanga
New Zealand,Kiwitea
New Zealand,Lake
New Zealand,Mackenzie
New Zealand,Malvern
New Zealand,Manaia
New Zealand,Manawatu
New Zealand,Mangonui
New Zealand,Maniototo
New Zealand,Marlborough
New Zealand,Masterton
New Zealand,Matamata
New Zealand,Mount Herbert
New Zealand,Ohinemuri
New Zealand,Opotiki
New Zealand,Oroua
New Zealand,Otamatea
New Zealand,Otorohanga
New Zealand,Oxford
New Zealand,Pahiatua
New Zealand,Paparua
New Zealand,Patea
New Zealand,Piako
New Zealand,Pohangina
New Zealand,Raglan
New Zealand,Rangiora
New Zealand,Rangitikei
New Zealand,Rodney
New Zealand,Rotorua
New Zealand,Runanga
New Zealand,Saint Kilda
New Zealand,Silverpeaks
New Zealand,Southland
New Zealand,Stewart Island
New Zealand,Stratford
New Zealand,Strathallan
New Zealand,Taranaki
New Zealand,Taumarunui
New Zealand,Taupo
New Zealand,Tauranga
New Zealand,Thames-Coromandel
New Zealand,Tuapeka
New Zealand,Vincent
New Zealand,Waiapu
New Zealand,Waiheke
New Zealand,Waihemo
New Zealand,Waikato
New Zealand,Waikohu
New Zealand,Waimairi
New Zealand,Waimarino
New Zealand,Waimate
New Zealand,Waimate West
New Zealand,Waimea
New Zealand,Waipa
New Zealand,Waipawa
New Zealand,Waipukurau
New Zealand,Wairarapa South
New Zealand,Wairewa
New Zealand,Wairoa
New Zealand,Waitaki
New Zealand,Waitomo
New Zealand,Waitotara
New Zealand,Wallace
New Zealand,Wanganui
New Zealand,Waverley
New Zealand,Westland
New Zealand,Whakatane
New Zealand,Whangarei
New Zealand,Whangaroa
New Zealand,Woodville
Nicaragua,Atlantico Norte
Nicaragua,Atlantico Sur
Nicaragua,Boaco
Nicaragua,Carazo
Nicaragua,Chinandega
Nicaragua,Chontales
Nicaragua,Esteli
Nicaragua,Granada
Nicaragua,Jinotega
Nicaragua,Leon
Nicaragua,Madriz
Nicaragua,Managua
Nicaragua,Masaya
Nicaragua,Matagalpa
Nicaragua,Nueva Segovia
Nicaragua,Rio San Juan
Nicaragua,Rivas
Niger,Agadez
Niger,Diffa
Niger,Dosso
Niger,Maradi
Niger,Niamey
Niger,Tahoua
Niger,Tillaberi
Niger,Zinder
Nigeria,Abia
Nigeria,Abuja Federal Capital Territory
Nigeria,Adamawa
Nigeria,Akwa Ibom
Nigeria,Anambra
Nigeria,Bauchi
Nigeria,Bayelsa
Nigeria,Benue
Nigeria,Borno
Nigeria,Cross River
Nigeria,Delta
Nigeria,Ebonyi
Nigeria,Edo
Nigeria,Ekiti
Nigeria,Enugu
Nigeria,Gombe
Nigeria,Imo
Nigeria,Jigawa
Nigeria,Kaduna
Nigeria,Kano
Nigeria,Katsina
Nigeria,Kebbi
Nigeria,Kogi
Nigeria,Kwara
Nigeria,Lagos
Nigeria,Nassarawa
Nigeria,Niger
Nigeria,Ogun
Nigeria,Ondo
Nigeria,Osun
Nigeria,Oyo
Nigeria,Plateau
Nigeria,Rivers
Nigeria,Sokoto
Nigeria,Taraba
Nigeria,Yobe
Nigeria,Zamfara
Niue,Niue
Norfolk Island,Norfolk Island
Northern Mariana Islands,Northern Islands
Northern Mariana Islands,Rota
Northern Mariana Islands,Saipan
Northern Mariana Islands,Tinian
Norway,Akershus
Norway,Aust-Agder
Norway,Buskerud
Norway,Finnmark
Norway,Hedmark
Norway,Hordaland
Norway,More og Romsdal
Norway,Nord-Trondelag
Norway,Nordland
Norway,Oppland
Norway,Oslo
Norway,Ostfold
Norway,Rogaland
Norway,Sogn og Fjordane
Norway,Sor-Trondelag
Norway,Telemark
Norway,Troms
Norway,Vest-Agder
Norway,Vestfold
Oman,Ad Dakhiliyah
Oman,Al Batinah
Oman,Al Wusta
Oman,Ash Sharqiyah
Oman,Az Zahirah
Oman,Masqat
Oman,Musandam
Oman,Zufar
Pakistan,Balochistan
Pakistan,Federally Administered Tribal Areas
Pakistan,Islamabad Capital Territory
Pakistan,North-West Frontier Province
Pakistan,Punjab
Pakistan,Sindh
Palau,Aimeliik
Palau,Airai
Palau,Angaur
Palau,Hatobohei
Palau,Kayangel
Palau,Koror
Palau,Melekeok
Palau,Ngaraard
Palau,Ngarchelong
Palau,Ngardmau
Palau,Ngatpang
Palau,Ngchesar
Palau,Ngeremlengui
Palau,Ngiwal
Palau,Palau Island
Palau,Peleliu
Palau,Sonsoral
Palau,Tobi
Panama,Bocas del Toro
Panama,Chiriqui
Panama,Cocle
Panama,Colon
Panama,Darien
Panama,Herrera
Panama,Los Santos
Panama,Panama
Panama,San Blas
Panama,Veraguas
Papua New Guinea,Bougainville
Papua New Guinea,Central
Papua New Guinea,Chimbu
Papua New Guinea,East New Britain
Papua New Guinea,East Sepik
Papua New Guinea,Eastern Highlands
Papua New Guinea,Enga
Papua New Guinea,Gulf
Papua New Guinea,Madang
Papua New Guinea,Manus
Papua New Guinea,Milne Bay
Papua New Guinea,Morobe
Papua New Guinea,National Capital
Papua New Guinea,New Ireland
Papua New Guinea,Northern
Papua New Guinea,Sandaun
Papua New Guinea,Southern Highlands
Papua New Guinea,West New Britain
Papua New Guinea,Western
Papua New Guinea,Western Highlands
Paraguay,Alto Paraguay
Paraguay,Alto Parana
Paraguay,Amambay
Paraguay,Asuncion (city)
Paraguay,Boqueron
Paraguay,Caaguazu
Paraguay,Caazapa
Paraguay,Canindeyu
Paraguay,Central
Paraguay,Concepcion
Paraguay,Cordillera
Paraguay,Guaira
Paraguay,Itapua
Paraguay,Misiones
Paraguay,Neembucu
Paraguay,Paraguari
Paraguay,Presidente Hayes
Paraguay,San Pedro
Peru,Amazonas
Peru,Ancash
Peru,Apurimac
Peru,Arequipa
Peru,Ayacucho
Peru,Cajamarca
Peru,Callao
Peru,Cusco
Peru,Huancavelica
Peru,Huanuco
Peru,Ica
Peru,Junin
Peru,La Libertad
Peru,Lambayeque
Peru,Lima
Peru,Loreto
Peru,Madre de Dios
Peru,Moquegua
Peru,Pasco
Peru,Piura
Peru,Puno
Peru,San Martin
Peru,Tacna
Peru,Tumbes
Peru,Ucayali
Philippines,Abra
Philippines,Agusan del Norte
Philippines,Agusan del Sur
Philippines,Aklan
Philippines,Albay
Philippines,Angeles
Philippines,Antique
Philippines,Aurora
Philippines,Bacolod
Philippines,Bago
Philippines,Baguio
Philippines,Bais
Philippines,Basilan
Philippines,Basilan City
Philippines,Bataan
Philippines,Batanes
Philippines,Batangas
Philippines,Batangas City
Philippines,Benguet
Philippines,Bohol
Philippines,Bukidnon
Philippines,Bulacan
Philippines,Butuan
Philippines,Cabanatuan
Philippines,Cadiz
Philippines,Cagayan
Philippines,Cagayan de Oro
Philippines,Calbayog
Philippines,Caloocan
Philippines,Camarines Norte
Philippines,Camarines Sur
Philippines,Camiguin
Philippines,Canlaon
Philippines,Capiz
Philippines,Catanduanes
Philippines,Cavite
Philippines,Cavite City
Philippines,Cebu
Philippines,Cebu City
Philippines,Cotabato
Philippines,Dagupan
Philippines,Danao
Philippines,Dapitan
Philippines,Davao City Davao
Philippines,Davao del Sur
Philippines,Davao Oriental
Philippines,Dipolog
Philippines,Dumaguete
Philippines,Eastern Samar
Philippines,General Santos
Philippines,Gingoog
Philippines,Ifugao
Philippines,Iligan
Philippines,Ilocos Norte
Philippines,Ilocos Sur
Philippines,Iloilo
Philippines,Iloilo City
Philippines,Iriga
Philippines,Isabela
Philippines,Kalinga-Apayao
Philippines,La Carlota
Philippines,La Union
Philippines,Laguna
Philippines,Lanao del Norte
Philippines,Lanao del Sur
Philippines,Laoag
Philippines,Lapu-Lapu
Philippines,Legaspi
Philippines,Leyte
Philippines,Lipa
Philippines,Lucena
Philippines,Maguindanao
Philippines,Mandaue
Philippines,Manila
Philippines,Marawi
Philippines,Marinduque
Philippines,Masbate
Philippines,Mindoro Occidental
Philippines,Mindoro Oriental
Philippines,Misamis Occidental
Philippines,Misamis Oriental
Philippines,Mountain
Philippines,Naga
Philippines,Negros Occidental
Philippines,Negros Oriental
Philippines,North Cotabato
Philippines,Northern Samar
Philippines,Nueva Ecija
Philippines,Nueva Vizcaya
Philippines,Olongapo
Philippines,Ormoc
Philippines,Oroquieta
Philippines,Ozamis
Philippines,Pagadian
Philippines,Palawan
Philippines,Palayan
Philippines,Pampanga
Philippines,Pangasinan
Philippines,Pasay
Philippines,Puerto Princesa
Philippines,Quezon
Philippines,Quezon City
Philippines,Quirino
Philippines,Rizal
Philippines,Romblon
Philippines,Roxas
Philippines,Samar
Philippines,San Carlos (in Negros Occidental
Philippines,San Carlos (in Pangasinan)
Philippines,San Jose
Philippines,San Pablo
Philippines,Silay
Philippines,Siquijor
Philippines,Sorsogon
Philippines,South Cotabato
Philippines,Southern Leyte
Philippines,Sultan Kudarat
Philippines,Sulu
Philippines,Surigao
Philippines,Surigao del Norte
Philippines,Surigao del Sur
Philippines,Tacloban
Philippines,Tagaytay
Philippines,Tagbilaran
Philippines,Tangub
Philippines,Tarlac
Philippines,Tawitawi
Philippines,Toledo
Philippines,Trece Martires
Philippines,Zambales
Philippines,Zamboanga
Philippines,Zamboanga del Norte
Philippines,Zamboanga del Sur
Pitcaim Islands,Pitcaim Islands
Poland,Dolnoslaskie
Poland,Kujawsko-Pomorskie
Poland,Lodzkie
Poland,Lubelskie
Poland,Lubuskie
Poland,Malopolskie
Poland,Mazowieckie
Poland,Opolskie
Poland,Podkarpackie
Poland,Podlaskie
Poland,Pomorskie
Poland,Slaskie
Poland,Swietokrzyskie
Poland,Warminsko-Mazurskie
Poland,Wielkopolskie
Poland,Zachodniopomorskie
Portugal,Acores (Azores)
Portugal,Aveiro
Portugal,Beja
Portugal,Braga
Portugal,Braganca
Portugal,Castelo Branco
Portugal,Coimbra
Portugal,Evora
Portugal,Faro
Portugal,Guarda
Portugal,Leiria
Portugal,Lisboa
Portugal,Madeira
Portugal,Portalegre
Portugal,Porto
Portugal,Santarem
Portugal,Setubal
Portugal,Viana do Castelo
Portugal,Vila Real
Portugal,Viseu
Puerto Rico,Adjuntas
Puerto Rico,Aguada
Puerto Rico,Aguadilla
Puerto Rico,Aguas Buenas
Puerto Rico,Aibonito
Puerto Rico,Anasco
Puerto Rico,Arecibo
Puerto Rico,Arroyo
Puerto Rico,Barceloneta
Puerto Rico,Barranquitas
Puerto Rico,Bayamon
Puerto Rico,Cabo Rojo
Puerto Rico,Caguas
Puerto Rico,Camuy
Puerto Rico,Canovanas
Puerto Rico,Carolina
Puerto Rico,Catano
Puerto Rico,Cayey
Puerto Rico,Ceiba
Puerto Rico,Ciales
Puerto Rico,Cidra
Puerto Rico,Coamo
Puerto Rico,Comerio
Puerto Rico,Corozal
Puerto Rico,Culebra
Puerto Rico,Dorado
Puerto Rico,Fajardo
Puerto Rico,Florida
Puerto Rico,Guanica
Puerto Rico,Guayama
Puerto Rico,Guayanilla
Puerto Rico,Guaynabo
Puerto Rico,Gurabo
Puerto Rico,Hatillo
Puerto Rico,Hormigueros
Puerto Rico,Humacao
Puerto Rico,Isabela
Puerto Rico,Jayuya
Puerto Rico,Juana Diaz
Puerto Rico,Juncos
Puerto Rico,Lajas
Puerto Rico,Lares
Puerto Rico,Las Marias
Puerto Rico,Las Piedras
Puerto Rico,Loiza
Puerto Rico,Luquillo
Puerto Rico,Manati
Puerto Rico,Maricao
Puerto Rico,Maunabo
Puerto Rico,Mayaguez
Puerto Rico,Moca
Puerto Rico,Morovis
Puerto Rico,Naguabo
Puerto Rico,Naranjito
Puerto Rico,Orocovis
Puerto Rico,Patillas
Puerto Rico,Penuelas
Puerto Rico,Ponce
Puerto Rico,Quebradillas
Puerto Rico,Rincon
Puerto Rico,Rio Grande
Puerto Rico,Sabana Grande
Puerto Rico,Salinas
Puerto Rico,San German
Puerto Rico,San Juan
Puerto Rico,San Lorenzo
Puerto Rico,San Sebastian
Puerto Rico,Santa Isabel
Puerto Rico,Toa Alta
Puerto Rico,Toa Baja
Puerto Rico,Trujillo Alto
Puerto Rico,Utuado
Puerto Rico,Vega Alta
Puerto Rico,Vega Baja
Puerto Rico,Vieques
Puerto Rico,Villalba
Puerto Rico,Yabucoa
Puerto Rico,Yauco
Qatar,Ad Dawhah
Qatar,Al Ghuwayriyah
Qatar,Al Jumayliyah
Qatar,Al Khawr
Qatar,Al Wakrah
Qatar,Ar Rayyan
Qatar,Jarayan al Batinah
Qatar,Madinat ash Shamal
Qatar,Umm Salal
Reunion,Reunion
Romainia,Alba
Romainia,Arad
Romainia,Arges
Romainia,Bacau
Romainia,Bihor
Romainia,Bistrita-Nasaud
Romainia,Botosani
Romainia,Braila
Romainia,Brasov
Romainia,Bucuresti
Romainia,Buzau
Romainia,Calarasi
Romainia,Caras-Severin
Romainia,Cluj
Romainia,Constanta
Romainia,Covasna
Romainia,Dimbovita
Romainia,Dolj
Romainia,Galati
Romainia,Giurgiu
Romainia,Gorj
Romainia,Harghita
Romainia,Hunedoara
Romainia,Ialomita
Romainia,Iasi
Romainia,Maramures
Romainia,Mehedinti
Romainia,Mures
Romainia,Neamt
Romainia,Olt
Romainia,Prahova
Romainia,Salaj
Romainia,Satu Mare
Romainia,Sibiu
Romainia,Suceava
Romainia,Teleorman
Romainia,Timis
Romainia,Tulcea
Romainia,Vaslui
Romainia,Vilcea
Romainia,Vrancea
Russia,Adygeya (Maykop)
Russia,Aginskiy Buryatskiy (Aginskoye)
Russia,Altay (Gorno-Altaysk)
Russia,Altayskiy (Barnaul)
Russia,Amurskaya (Blagoveshchensk)
Russia,Arkhangelskaya
Russia,Astrakhanskaya
Russia,Bashkortostan (Ufa)
Russia,Belgorodskaya
Russia,Bryanskaya
Russia,Buryatiya (Ulan-Ude)
Russia,Chechnya (Groznyy)
Russia,Chelyabinskaya
Russia,Chitinskaya
Russia,Chukotskiy (Anadyr)
Russia,Chuvashiya (Cheboksary)
Russia,Dagestan (Makhachkala)
Russia,Evenkiyskiy (Tura)
Russia,Ingushetiya (Nazran)
Russia,Irkutskaya
Russia,Ivanovskaya
Russia,Kabardino-Balkariya (Nalchik)
Russia,Kaliningradskaya
Russia,Kalmykiya (Elista)
Russia,Kaluzhskaya
Russia,Kamchatskaya (Petropavlovsk-Kamchatsk
Russia,Karachayevo-Cherkesiya (Cherkessk)
Russia,Kareliya (Petrozavodsk)
Russia,Kemerovskaya
Russia,Khabarovskiy
Russia,Khakasiya (Abakan)
Russia,Khanty-Mansiyskiy (Khanty-Mansiysk))
Russia,Kirovskaya
Russia,Komi (Syktyvkar)
Russia,Komi-Permyatskiy (Kudymkar)
Russia,Koryakskiy (Palana)
Russia,Kostromskaya
Russia,Krasnodarskiy
Russia,Krasnoyarskiy
Russia,Kurganskaya
Russia,Kurskaya
Russia,Leningradskaya
Russia,Lipetskaya
Russia,Magadanskaya
Russia,Mariy-El (Yoshkar-Ola)
Russia,Mordoviya (Saransk)
Russia,Moskovskaya
Russia,Moskva (Moscow)
Russia,Murmanskaya
Russia,Nenetskiy (Naryan-Mar)
Russia,Nizhegorodskaya
Russia,Novgorodskaya
Russia,Novosibirskaya
Russia,Omskaya
Russia,Orenburgskaya
Russia,Orlovskaya (Orel)
Russia,Penzenskaya
Russia,Permskaya
Russia,Primorskiy (Vladivostok)
Russia,Pskovskaya
Russia,Rostovskaya
Russia,Ryazanskaya
Russia,Sakha (Yakutsk)
Russia,Sakhalinskaya (Yuzhno-Sakhalinsk)
Russia,Samarskaya
Russia,Sankt-Peterburg (Saint Petersburg)
Russia,Saratovskaya
Russia, Severnaya Osetiya-Alaniya [North Oss
Russia,Smolenskaya
Russia,Stavropolskiy
Russia,Sverdlovskaya (Yekaterinburg)
Russia,Tambovskaya
Russia,Tatarstan (Kazan)
Russia,Taymyrskiy (Dudinka)
Russia,Tomskaya
Russia,Tulskaya
Russia,Tverskaya
Russia,Tyumenskaya
Russia,Tyva (Kyzyl)
Russia,Udmurtiya (Izhevsk)
Russia,Ulyanovskaya
Russia,Ust-Ordynskiy Buryatskiy (Ust-Ordynsk
Russia,Vladimirskaya
Russia,Volgogradskaya
Russia,Vologodskaya
Russia,Voronezhskaya
Russia,Yamalo-Nenetskiy (Salekhard)
Russia,Yaroslavskaya
Russia,Yevreyskaya
Rwanda,Butare
Rwanda,Byumba
Rwanda,Cyangugu
Rwanda,Gikongoro
Rwanda,Gisenyi
Rwanda,Gitarama
Rwanda,Kibungo
Rwanda,Kibuye
Rwanda,Kigali Rurale
Rwanda,Kigali-ville
Rwanda,Ruhengeri
Rwanda,Umutara
Saint Helena,Ascension
Saint Helena,Saint Helena
Saint Helena,Tristan da Cunha
Saint Kitts and Nevis,Christ Church Nichola
Saint Kitts and Nevis,Saint Anne Sandy Point
Saint Kitts and Nevis,Saint George Basseterr
Saint Kitts and Nevis,Saint George Gingerlan
Saint Kitts and Nevis,Saint James Windward)
Saint Kitts and Nevis,Saint John Capisterre
Saint Kitts and Nevis,Saint John Figtree
Saint Kitts and Nevis,Saint Mary Cayon
Saint Kitts and Nevis,Saint Paul Capisterre
Saint Kitts and Nevis,Saint Paul Charlestown
Saint Kitts and Nevis,Saint Peter Basseterre
Saint Kitts and Nevis,Saint Thomas Lowland)
Saint Kitts and Nevis,Saint Thomas Middle Is
Saint Kitts and Nevis,Trinity Palmetto Point
Saint Lucia,Anse-la-Raye
Saint Lucia,Castries
Saint Lucia,Choiseul
Saint Lucia,Dauphin
Saint Lucia,Dennery
Saint Lucia,Gros Islet
Saint Lucia,Laborie
Saint Lucia,Micoud
Saint Lucia,Praslin
Saint Lucia,Soufriere
Saint Lucia,Vieux Fort
Saint Pierre and Miquelon,Miquelon
Saint Pierre and Miquelon,Saint Pierre
Saint Vincent and the Grenadines,Charlotte)
Saint Vincent and the Grenadines,Grenadines
Saint Vincent and the Grenadines,Saint Andre
Saint Vincent and the Grenadines,Saint David
Saint Vincent and the Grenadines,Saint Georg
Saint Vincent and the Grenadines,Saint Patri
Samoa,Aana
Samoa,Aiga-i-le-Tai
Samoa,Atua
Samoa,Faasaleleaga
Samoa,Gagaemauga
Samoa,Gagaifomauga
Samoa,Palauli
Samoa,Satupaitea
Samoa,Tuamasaga
Samoa,Vaa-o-Fonoti
Samoa,Vaisigano
San Marino,Acquaviva
San Marino,Borgo Maggiore
San Marino,Chiesanuova
San Marino,Domagnano
San Marino,Faetano
San Marino,Fiorentino
San Marino,Monte Giardino
San Marino,San Marino
San Marino,Serravalle
Sao Tome and Principe,Principe
Sao Tome and Principe,Sao Tome
Saudi Arabia,Asir
Saudi Arabia,Al Bahah
Saudi Arabia,Al Hudud ash Shamaliyah
Saudi Arabia,Al Jawf
Saudi Arabia,Al Madinah
Saudi Arabia,Al Qasim
Saudi Arabia,Ar Riyad
Saudi Arabia,Ash Sharqiyah (Eastern Province
Saudi Arabia,Hail
Saudi Arabia,Jizan
Saudi Arabia,Makkah
Saudi Arabia,Najran
Saudi Arabia,Tabuk
Scotland,Aberdeen City
Scotland,Aberdeenshire
Scotland,Angus
Scotland,Argyll and Bute
Scotland,City of Edinburgh
Scotland,Clackmannanshire
Scotland,Dumfries and Galloway
Scotland,Dundee City
Scotland,East Ayrshire
Scotland,East Dunbartonshire
Scotland,East Lothian
Scotland,East Renfrewshire
Scotland,Eilean Siar (Western Isles)
Scotland,Falkirk
Scotland,Fife
Scotland,Glasgow City
Scotland,Highland
Scotland,Inverclyde
Scotland,Midlothian
Scotland,Moray
Scotland,North Ayrshire
Scotland,North Lanarkshire
Scotland,Orkney Islands
Scotland,Perth and Kinross
Scotland,Renfrewshire
Scotland,Shetland Islands
Scotland,South Ayrshire
Scotland,South Lanarkshire
Scotland,Stirling
Scotland,The Scottish Borders
Scotland,West Dunbartonshire
Scotland,West Lothian
Senegal,Dakar
Senegal,Diourbel
Senegal,Fatick
Senegal,Kaolack
Senegal,Kolda
Senegal,Louga
Senegal,Saint-Louis
Senegal,Tambacounda
Senegal,Thies
Senegal,Ziguinchor
Seychelles,Anse aux Pins
Seychelles,Anse Boileau
Seychelles,Anse Etoile
Seychelles,Anse Louis
Seychelles,Anse Royale
Seychelles,Baie Lazare
Seychelles,Baie Sainte Anne
Seychelles,Beau Vallon
Seychelles,Bel Air
Seychelles,Bel Ombre
Seychelles,Cascade
Seychelles,Glacis
Seychelles,Grand Anse (on Mahe)
Seychelles,Grand Anse (on Praslin)
Seychelles,La Digue
Seychelles,La Riviere Anglaise
Seychelles,Mont Buxton
Seychelles,Mont Fleuri
Seychelles,Plaisance
Seychelles,Pointe La Rue
Seychelles,Port Glaud
Seychelles,Saint Louis
Seychelles,Takamaka
Sierra Leone,Eastern
Sierra Leone,Northern
Sierra Leone,Southern
Sierra Leone,Western
Singapore,Singapore
Slovakia,Banskobystricky
Slovakia,Bratislavsky
Slovakia,Kosicky
Slovakia,Nitriansky
Slovakia,Presovsky
Slovakia,Trenciansky
Slovakia,Trnavsky
Slovakia,Zilinsky
Slovenia,Ajdovscina
Slovenia,Beltinci
Slovenia,Bled
Slovenia,Bohinj
Slovenia,Borovnica
Slovenia,Bovec
Slovenia,Brda
Slovenia,Brezice
Slovenia,Brezovica
Slovenia,Cankova-Tisina
Slovenia,Celje
Slovenia,Cerklje na Gorenjskem
Slovenia,Cerknica
Slovenia,Cerkno
Slovenia,Crensovci
Slovenia,Crna na Koroskem
Slovenia,Crnomelj
Slovenia,Destrnik-Trnovska Vas
Slovenia,Divaca
Slovenia,Dobrepolje
Slovenia,Dobrova-Horjul-Polhov Gradec
Slovenia,Dol pri Ljubljani
Slovenia,Domzale
Slovenia,Dornava
Slovenia,Dravograd
Slovenia,Duplek
Slovenia,Gorenja Vas-Poljane
Slovenia,Gorisnica
Slovenia,Gornja Radgona
Slovenia,Gornji Grad
Slovenia,Gornji Petrovci
Slovenia,Grosuplje
Slovenia,Hodos Salovci
Slovenia,Hrastnik
Slovenia,Hrpelje-Kozina
Slovenia,Idrija
Slovenia,Ig
Slovenia,Ilirska Bistrica
Slovenia,Ivancna Gorica
Slovenia,Izola
Slovenia,Jesenice
Slovenia,Jursinci
Slovenia,Kamnik
Slovenia,Kanal
Slovenia,Kidricevo
Slovenia,Kobarid
Slovenia,Kobilje
Slovenia,Kocevje
Slovenia,Komen
Slovenia,Koper
Slovenia,Kozje
Slovenia,Kranj
Slovenia,Kranjska Gora
Slovenia,Krsko
Slovenia,Kungota
Slovenia,Kuzma
Slovenia,Lasko
Slovenia,Lenart
Slovenia,Lendava
Slovenia,Litija
Slovenia,Ljubljana
Slovenia,Ljubno
Slovenia,Ljutomer
Slovenia,Logatec
Slovenia,Loska Dolina
Slovenia,Loski Potok
Slovenia,Luce
Slovenia,Lukovica
Slovenia,Majsperk
Slovenia,Maribor
Slovenia,Medvode
Slovenia,Menges
Slovenia,Metlika
Slovenia,Mezica
Slovenia,Miren-Kostanjevica
Slovenia,Mislinja
Slovenia,Moravce
Slovenia,Moravske Toplice
Slovenia,Mozirje
Slovenia,Murska Sobota
Slovenia,Muta
Slovenia,Naklo
Slovenia,Nazarje
Slovenia,Nova Gorica
Slovenia,Novo Mesto
Slovenia,Odranci
Slovenia,Ormoz
Slovenia,Osilnica
Slovenia,Pesnica
Slovenia,Piran
Slovenia,Pivka
Slovenia,Podcetrtek
Slovenia,Podvelka-Ribnica
Slovenia,Postojna
Slovenia,Preddvor
Slovenia,Ptuj
Slovenia,Puconci
Slovenia,Race-Fram
Slovenia,Radece
Slovenia,Radenci
Slovenia,Radlje ob Dravi
Slovenia,Radovljica
Slovenia,Ravne-Prevalje
Slovenia,Ribnica
Slovenia,Rogasevci
Slovenia,Rogaska Slatina
Slovenia,Rogatec
Slovenia,Ruse
Slovenia,Semic
Slovenia,Sencur
Slovenia,Sentilj
Slovenia,Sentjernej
Slovenia,Sentjur pri Celju
Slovenia,Sevnica
Slovenia,Sezana
Slovenia,Skocjan
Slovenia,Skofja Loka
Slovenia,Skofljica
Slovenia,Slovenj Gradec
Slovenia,Slovenska Bistrica
Slovenia,Slovenske Konjice
Slovenia,Smarje pri Jelsah
Slovenia,Smartno ob Paki
Slovenia,Sostanj
Slovenia,Starse
Slovenia,Store
Slovenia,Sveti Jurij
Slovenia,Tolmin
Slovenia,Trbovlje
Slovenia,Trebnje
Slovenia,Trzic
Slovenia,Turnisce
Slovenia,Velenje
Slovenia,Velike Lasce
Slovenia,Videm
Slovenia,Vipava
Slovenia,Vitanje
Slovenia,Vodice
Slovenia,Vojnik
Slovenia,Vrhnika
Slovenia,Vuzenica
Slovenia,Zagorje ob Savi
Slovenia,Zalec
Slovenia,Zavrc
Slovenia,Zelezniki
Slovenia,Ziri
Slovenia,Zrece
Solomon Islands,Bellona
Solomon Islands,Central
Solomon Islands,Choiseul (Lauru)
Solomon Islands,Guadalcanal
Solomon Islands,Honiara
Solomon Islands,Isabel
Solomon Islands,Makira
Solomon Islands,Malaita
Solomon Islands,Rennell
Solomon Islands,Temotu
Solomon Islands,Western
Somalia,Awdal
Somalia,Bakool
Somalia,Banaadir
Somalia,Bari
Somalia,Bay
Somalia,Galguduud
Somalia,Gedo
Somalia,Hiiraan
Somalia,Jubbada Dhexe
Somalia,Jubbada Hoose
Somalia,Mudug
Somalia,Nugaal
Somalia,Sanaag
Somalia,Shabeellaha Dhexe
Somalia,Shabeellaha Hoose
Somalia,Sool
Somalia,Togdheer
Somalia,Woqooyi Galbeed
South Africa,Eastern Cape
South Africa,Free State
South Africa,Gauteng
South Africa,KwaZulu-Natal
South Africa,Mpumalanga
South Africa,North-West
South Africa,Northern Cape
South Africa,Northern Province
South Africa,Western Cape
South Georgia and South Sandwich Islands,Bir
South Georgia and South Sandwich Islands,Bri
South Georgia and South Sandwich Islands,Cle
South Georgia and South Sandwich Islands,Mon
South Georgia and South Sandwich Islands,Sau
South Georgia and South Sandwich Islands,Sou
South Georgia and South Sandwich Islands,Sou
South Georgia and South Sandwich Islands,Tra
Spain,Andalucia
Spain,Aragon
Spain,Asturias
Spain,Baleares (Balearic Islands)
Spain,Canarias (Canary Islands)
Spain,Cantabria
Spain,Castilla y Leon
Spain,Castilla-La Mancha
Spain,Cataluna
Spain,Ceuta
Spain,Communidad Valencian
Spain,Extremadura
Spain,Galicia
Spain,Islas Chafarinas
Spain,La Rioja
Spain,Madrid
Spain,Melilla
Spain,Murcia
Spain,Navarra
Spain,Pais Vasco (Basque Country)
Spain,Penon de Alhucemas
Spain,Penon de Velez de la Gomera
Spratly Islands,Spratly Islands
Sri Lanka,Central
Sri Lanka,Eastern
Sri Lanka,North Central
Sri Lanka,North Eastern
Sri Lanka,North Western
Sri Lanka,Northern
Sri Lanka,Sabaragamuwa
Sri Lanka,Southern
Sri Lanka,Uva
Sri Lanka,Western
Sudan,Aali an Nil
Sudan,Al Bahr al Ahmar
Sudan,Al Buhayrat
Sudan,Al Jazirah
Sudan,Al Khartum
Sudan,Al Qadarif
Sudan,Al Wahdah
Sudan,An Nil al Abyad
Sudan,An Nil al Azraq
Sudan,Ash Shamaliyah
Sudan,Bahr al Jabal
Sudan,Gharb al Istiwaiyah
Sudan,Gharb Bahr al Ghazal
Sudan,Gharb Darfur
Sudan,Gharb Kurdufan
Sudan,Janub Darfur
Sudan,Janub Kurdufan
Sudan,Junqali
Sudan,Kassala
Sudan,Nahr an Nil
Sudan,Shamal Bahr al Ghazal
Sudan,Shamal Darfur
Sudan,Shamal Kurdufan
Sudan,Sharq al Istiwaiyah
Sudan,Sinnar
Sudan,Warab
Suriname,Brokopondo
Suriname,Commewijne
Suriname,Coronie
Suriname,Marowijne
Suriname,Nickerie
Suriname,Para
Suriname,Paramaribo
Suriname,Saramacca
Suriname,Sipaliwini
Suriname,Wanica
Svalbard,Barentsoya
Svalbard,Bjornoya
Svalbard,Edgeoya
Svalbard,Hopen
Svalbard,Kvitoya
Svalbard,Nordaustandet
Svalbard,Prins Karls Forland
Svalbard,Spitsbergen
Swaziland,Hhohho
Swaziland,Lubombo
Swaziland,Manzini
Swaziland,Shiselweni
Sweden,Blekinge
Sweden,Dalarnas
Sweden,Gavleborgs
Sweden,Gotlands
Sweden,Hallands
Sweden,Jamtlands
Sweden,Jonkopings
Sweden,Kalmar
Sweden,Kronobergs
Sweden,Norrbottens
Sweden,Orebro
Sweden,Ostergotlands
Sweden,Skane
Sweden,Sodermanlands
Sweden,Stockholms
Sweden,Uppsala
Sweden,Varmlands
Sweden,Vasterbottens
Sweden,Vasternorrlands
Sweden,Vastmanlands
Sweden,Vastra Gotalands
Switzerland,Aargau
Switzerland,Ausser-Rhoden
Switzerland,Basel-Landschaft
Switzerland,Basel-Stadt
Switzerland,Bern
Switzerland,Fribourg
Switzerland,Geneve
Switzerland,Glarus
Switzerland,Graubunden
Switzerland,Inner-Rhoden
Switzerland,Jura
Switzerland,Luzern
Switzerland,Neuchatel
Switzerland,Nidwalden
Switzerland,Obwalden
Switzerland,Sankt Gallen
Switzerland,Schaffhausen
Switzerland,Schwyz
Switzerland,Solothurn
Switzerland,Thurgau
Switzerland,Ticino
Switzerland,Uri
Switzerland,Valais
Switzerland,Vaud
Switzerland,Zug
Switzerland,Zurich
Syria,Al Hasakah
Syria,Al Ladhiqiyah
Syria,Al Qunaytirah
Syria,Ar Raqqah
Syria,As Suwayda
Syria,Dara
Syria,Dayr az Zawr
Syria,Dimashq
Syria,Halab
Syria,Hamah
Syria,Hims
Syria,Idlib
Syria,Rif Dimashq
Syria,Tartus
Taiwan,Chang-hua
Taiwan,Chi-lung
Taiwan,Chia-i
Taiwan,Chia-i
Taiwan,Chung-hsing-hsin-tsun
Taiwan,Hsin-chu
Taiwan,Hsin-chu
Taiwan,Hua-lien
Taiwan,I-lan
Taiwan,Kao-hsiung
Taiwan,Kao-hsiung
Taiwan,Miao-li
Taiwan,Nan-tou
Taiwan,Peng-hu
Taiwan,Ping-tung
Taiwan,Tai-chung
Taiwan,Tai-chung
Taiwan,Tai-nan
Taiwan,Tai-nan
Taiwan,Tai-pei
Taiwan,Tai-pei
Taiwan,Tai-tung
Taiwan,Tao-yuan
Taiwan,Yun-lin
Tajikistan,Viloyati Khatlon
Tajikistan,Viloyati Leninobod
Tajikistan,Viloyati Mukhtori Kuhistoni Badak
Tanzania,Arusha
Tanzania,Dar es Salaam
Tanzania,Dodoma
Tanzania,Iringa
Tanzania,Kagera
Tanzania,Kigoma
Tanzania,Kilimanjaro
Tanzania,Lindi
Tanzania,Mara
Tanzania,Mbeya
Tanzania,Morogoro
Tanzania,Mtwara
Tanzania,Mwanza
Tanzania,Pemba North
Tanzania,Pemba South
Tanzania,Pwani
Tanzania,Rukwa
Tanzania,Ruvuma
Tanzania,Shinyanga
Tanzania,Singida
Tanzania,Tabora
Tanzania,Tanga
Tanzania,Zanzibar Central/South
Tanzania,Zanzibar North
Tanzania,Zanzibar Urban/West
Thailand,Amnat Charoen
Thailand,Ang Thong
Thailand,Buriram
Thailand,Chachoengsao
Thailand,Chai Nat
Thailand,Chaiyaphum
Thailand,Chanthaburi
Thailand,Chiang Mai
Thailand,Chiang Rai
Thailand,Chon Buri
Thailand,Chumphon
Thailand,Kalasin
Thailand,Kamphaeng Phet
Thailand,Kanchanaburi
Thailand,Khon Kaen
Thailand,Krabi
Thailand,Krung Thep Mahanakhon (Bangkok)
Thailand,Lampang
Thailand,Lamphun
Thailand,Loei
Thailand,Lop Buri
Thailand,Mae Hong Son
Thailand,Maha Sarakham
Thailand,Mukdahan
Thailand,Nakhon Nayok
Thailand,Nakhon Pathom
Thailand,Nakhon Phanom
Thailand,Nakhon Ratchasima
Thailand,Nakhon Sawan
Thailand,Nakhon Si Thammarat
Thailand,Nan
Thailand,Narathiwat
Thailand,Nong Bua Lamphu
Thailand,Nong Khai
Thailand,Nonthaburi
Thailand,Pathum Thani
Thailand,Pattani
Thailand,Phangnga
Thailand,Phatthalung
Thailand,Phayao
Thailand,Phetchabun
Thailand,Phetchaburi
Thailand,Phichit
Thailand,Phitsanulok
Thailand,Phra Nakhon Si Ayutthaya
Thailand,Phrae
Thailand,Phuket
Thailand,Prachin Buri
Thailand,Prachuap Khiri Khan
Thailand,Ranong
Thailand,Ratchaburi
Thailand,Rayong
Thailand,Roi Et
Thailand,Sa Kaeo
Thailand,Sakon Nakhon
Thailand,Samut Prakan
Thailand,Samut Sakhon
Thailand,Samut Songkhram
Thailand,Sara Buri
Thailand,Satun
Thailand,Sing Buri
Thailand,Sisaket
Thailand,Songkhla
Thailand,Sukhothai
Thailand,Suphan Buri
Thailand,Surat Thani
Thailand,Surin
Thailand,Tak
Thailand,Trang
Thailand,Trat
Thailand,Ubon Ratchathani
Thailand,Udon Thani
Thailand,Uthai Thani
Thailand,Uttaradit
Thailand,Yala
Thailand,Yasothon
Tobago,Tobago
Toga,De La Kara
Toga,Des Plateaux
Toga,Des Savanes
Toga,Du Centre
Toga,Maritime
Tokelau,Atafu
Tokelau,Fakaofo
Tokelau,Nukunonu
Tonga,Haapai
Tonga,Tongatapu
Tonga,Vavau
Trinidad,Arima
Trinidad,Caroni
Trinidad,Mayaro
Trinidad,Nariva
Trinidad,Port-of-Spain
Trinidad,Saint Andrew
Trinidad,Saint David
Trinidad,Saint George
Trinidad,Saint Patrick
Trinidad,San Fernando
Trinidad,Victoria
Tunisia,Ariana
Tunisia,Beja
Tunisia,Ben Arous
Tunisia,Bizerte
Tunisia,El Kef
Tunisia,Gabes
Tunisia,Gafsa
Tunisia,Jendouba
Tunisia,Kairouan
Tunisia,Kasserine
Tunisia,Kebili
Tunisia,Mahdia
Tunisia,Medenine
Tunisia,Monastir
Tunisia,Nabeul
Tunisia,Sfax
Tunisia,Sidi Bou Zid
Tunisia,Siliana
Tunisia,Sousse
Tunisia,Tataouine
Tunisia,Tozeur
Tunisia,Tunis
Tunisia,Zaghouan
Turkey,Adana
Turkey,Adiyaman
Turkey,Afyon
Turkey,Agri
Turkey,Aksaray
Turkey,Amasya
Turkey,Ankara
Turkey,Antalya
Turkey,Ardahan
Turkey,Artvin
Turkey,Aydin
Turkey,Balikesir
Turkey,Bartin
Turkey,Batman
Turkey,Bayburt
Turkey,Bilecik
Turkey,Bingol
Turkey,Bitlis
Turkey,Bolu
Turkey,Burdur
Turkey,Bursa
Turkey,Canakkale
Turkey,Cankiri
Turkey,Corum
Turkey,Denizli
Turkey,Diyarbakir
Turkey,Duzce
Turkey,Edirne
Turkey,Elazig
Turkey,Erzincan
Turkey,Erzurum
Turkey,Eskisehir
Turkey,Gaziantep
Turkey,Giresun
Turkey,Gumushane
Turkey,Hakkari
Turkey,Hatay
Turkey,Icel
Turkey,Igdir
Turkey,Isparta
Turkey,Istanbul
Turkey,Izmir
Turkey,Kahramanmaras
Turkey,Karabuk
Turkey,Karaman
Turkey,Kars
Turkey,Kastamonu
Turkey,Kayseri
Turkey,Kilis
Turkey,Kirikkale
Turkey,Kirklareli
Turkey,Kirsehir
Turkey,Kocaeli
Turkey,Konya
Turkey,Kutahya
Turkey,Malatya
Turkey,Manisa
Turkey,Mardin
Turkey,Mugla
Turkey,Mus
Turkey,Nevsehir
Turkey,Nigde
Turkey,Ordu
Turkey,Osmaniye
Turkey,Rize
Turkey,Sakarya
Turkey,Samsun
Turkey,Sanliurfa
Turkey,Siirt
Turkey,Sinop
Turkey,Sirnak
Turkey,Sivas
Turkey,Tekirdag
Turkey,Tokat
Turkey,Trabzon
Turkey,Tunceli
Turkey,Usak
Turkey,Van
Turkey,Yalova
Turkey,Yozgat
Turkey,Zonguldak
Turkmenistan,Ahal Welayaty
Turkmenistan,Balkan Welayaty
Turkmenistan,Dashhowuz Welayaty
Turkmenistan,Lebap Welayaty
Turkmenistan,Mary Welayaty
Tuvalu,Tuvalu
Uganda,Adjumani
Uganda,Apac
Uganda,Arua
Uganda,Bugiri
Uganda,Bundibugyo
Uganda,Bushenyi
Uganda,Busia
Uganda,Gulu
Uganda,Hoima
Uganda,Iganga
Uganda,Jinja
Uganda,Kabale
Uganda,Kabarole
Uganda,Kalangala
Uganda,Kampala
Uganda,Kamuli
Uganda,Kapchorwa
Uganda,Kasese
Uganda,Katakwi
Uganda,Kibale
Uganda,Kiboga
Uganda,Kisoro
Uganda,Kitgum
Uganda,Kotido
Uganda,Kumi
Uganda,Lira
Uganda,Luwero
Uganda,Masaka
Uganda,Masindi
Uganda,Mbale
Uganda,Mbarara
Uganda,Moroto
Uganda,Moyo
Uganda,Mpigi
Uganda,Mubende
Uganda,Mukono
Uganda,Nakasongola
Uganda,Nebbi
Uganda,Ntungamo
Uganda,Pallisa
Uganda,Rakai
Uganda,Rukungiri
Uganda,Sembabule
Uganda,Soroti
Uganda,Tororo
Ukraine,Avtonomna Respublika Krym (Simferopo
Ukraine,Cherkaska (Cherkasy)
Ukraine,Chernihivska (Chernihiv)
Ukraine,Chernivetska (Chernivtsi)
Ukraine,Dnipropetrovska (Dnipropetrovsk)
Ukraine,Donetska (Donetsk)
Ukraine,Ivano-Frankivska (Ivano-Frankivsk))
Ukraine,Kharkivska (Kharkiv)
Ukraine,Khersonska (Kherson)
Ukraine,Khmelnytska (Khmelnytskyy)
Ukraine,Kirovohradska (Kirovohrad)
Ukraine,Kyyiv
Ukraine,Kyyivska (Kiev)
Ukraine,Lvivska (Lviv)
Ukraine,Luhanska (Luhansk)
Ukraine,Mykolayivska (Mykolayiv)
Ukraine,Odeska (Odesa)
Ukraine,Poltavska (Poltava)
Ukraine,Rivnenska (Rivne)
Ukraine,Sevastopol
Ukraine,Sumska (Sumy)
Ukraine,Ternopilska (Ternopil)
Ukraine,Vinnytska (Vinnytsya)
Ukraine,Volynska (Lutsk)
Ukraine,Zakarpatska (Uzhhorod)
Ukraine,Zaporizka (Zaporizhzhya)
Ukraine,Zhytomyrska (Zhytomyr)
United Arab Emirates,Ajman
United Arab Emirates,Abu Zaby (Abu Dhabi)
United Arab Emirates,Al Fujayrah
United Arab Emirates,Ash Shariqah (Sharjah)
United Arab Emirates,Dubayy (Dubai)
United Arab Emirates,Ras al Khaymah
United Arab Emirates,Umm al Qaywayn
Uruguay,Artigas
Uruguay,Canelones
Uruguay,Cerro Largo
Uruguay,Colonia
Uruguay,Durazno
Uruguay,Flores
Uruguay,Florida
Uruguay,Lavalleja
Uruguay,Maldonado
Uruguay,Montevideo
Uruguay,Paysandu
Uruguay,Rio Negro
Uruguay,Rivera
Uruguay,Rocha
Uruguay,Salto
Uruguay,San Jose
Uruguay,Soriano
Uruguay,Tacuarembo
Uruguay,Treinta y Tres
United States of America,Alabama
United States of America,Alaska
United States of America,Arizona
United States of America,Arkansas
United States of America,California
United States of America,Colorado
United States of America,Connecticut
United States of America,Delaware
United States of America,District of Columbia
United States of America,Florida
United States of America,Georgia
United States of America,Hawaii
United States of America,Idaho
United States of America,Illinois
United States of America,Indiana
United States of America,Iowa
United States of America,Kansas
United States of America,Kentucky
United States of America,Louisiana
United States of America,Maine
United States of America,Maryland
United States of America,Massachusetts
United States of America,Michigan
United States of America,Minnesota
United States of America,Mississippi
United States of America,Missouri
United States of America,Montana
United States of America,Nebraska
United States of America,Nevada
United States of America,New Hampshire
United States of America,New Jersey
United States of America,New Mexico
United States of America,New York
United States of America,North Carolina
United States of America,North Dakota
United States of America,Ohio
United States of America,Oklahoma
United States of America,Oregon
United States of America,Pennsylvania
United States of America,Rhode Island
United States of America,South Carolina
United States of America,South Dakota
United States of America,Tennessee
United States of America,Texas
United States of America,Utah
United States of America,Vermont
United States of America,Virginia
United States of America,Washington
United States of America,West Virginia
United States of America,Wisconsin
United States of America,Wyoming
Uzbekistan,Andijon Wiloyati
Uzbekistan,Bukhoro Wiloyati
Uzbekistan,Farghona Wiloyati
Uzbekistan,Jizzakh Wiloyati
Uzbekistan,Khorazm Wiloyati (Urganch)
Uzbekistan,Namangan Wiloyati
Uzbekistan,Nawoiy Wiloyati
Uzbekistan,Qashqadaryo Wiloyati (Qarshi)
Uzbekistan,Qoraqalpoghiston (Nukus)
Uzbekistan,Samarqand Wiloyati
Uzbekistan,Sirdaryo Wiloyati (Guliston)
Uzbekistan,Surkhondaryo Wiloyati (Termiz)
Uzbekistan,Toshkent Shahri
Uzbekistan,Toshkent Wiloyati
Vanuatu,Malampa
Vanuatu,Penama
Vanuatu,Sanma
Vanuatu,Shefa
Vanuatu,Tafea
Vanuatu,Torba
Venezuela,Amazonas
Venezuela,Anzoategui
Venezuela,Apure
Venezuela,Aragua
Venezuela,Barinas
Venezuela,Bolivar
Venezuela,Carabobo
Venezuela,Cojedes
Venezuela,Delta Amacuro
Venezuela,Dependencias Federales
Venezuela,Distrito Federal
Venezuela,Falcon
Venezuela,Guarico
Venezuela,Lara
Venezuela,Merida
Venezuela,Miranda
Venezuela,Monagas
Venezuela,Nueva Esparta
Venezuela,Portuguesa
Venezuela,Sucre
Venezuela,Tachira
Venezuela,Trujillo
Venezuela,Vargas
Venezuela,Yaracuy
Venezuela,Zulia
Vietnam,An Giang
Vietnam,Ba Ria-Vung Tau
Vietnam,Bac Giang
Vietnam,Bac Kan
Vietnam,Bac Lieu
Vietnam,Bac Ninh
Vietnam,Ben Tre
Vietnam,Binh Dinh
Vietnam,Binh Duong
Vietnam,Binh Phuoc
Vietnam,Binh Thuan
Vietnam,Ca Mau
Vietnam,Can Tho
Vietnam,Cao Bang
Vietnam,Da Nang
Vietnam,Dac Lak
Vietnam,Dong Nai
Vietnam,Dong Thap
Vietnam,Gia Lai
Vietnam,Ha Giang
Vietnam,Ha Nam
Vietnam,Ha Noi
Vietnam,Ha Tay
Vietnam,Ha Tinh
Vietnam,Hai Duong
Vietnam,Hai Phong
Vietnam,Ho Chi Minh
Vietnam,Hoa Binh
Vietnam,Hung Yen
Vietnam,Khanh Hoa
Vietnam,Kien Giang
Vietnam,Kon Tum
Vietnam,Lai Chau
Vietnam,Lam Dong
Vietnam,Lang Son
Vietnam,Lao Cai
Vietnam,Long An
Vietnam,Nam Dinh
Vietnam,Nghe An
Vietnam,Ninh Binh
Vietnam,Ninh Thuan
Vietnam,Phu Tho
Vietnam,Phu Yen
Vietnam,Quang Binh
Vietnam,Quang Nam
Vietnam,Quang Ngai
Vietnam,Quang Ninh
Vietnam,Quang Tri
Vietnam,Soc Trang
Vietnam,Son La
Vietnam,Tay Ninh
Vietnam,Thai Binh
Vietnam,Thai Nguyen
Vietnam,Thanh Hoa
Vietnam,Thua Thien-Hue
Vietnam,Tien Giang
Vietnam,Tra Vinh
Vietnam,Tuyen Quang
Vietnam,Vinh Long
Vietnam,Vinh Phuc
Vietnam,Yen Bai
Virgin Islands,Saint Croix
Virgin Islands,Saint John
Virgin Islands,Saint Thomas
Wales,Blaenau Gwent
Wales,Bridgend
Wales,Caerphilly
Wales,Cardiff
Wales,Carmarthenshire
Wales,Ceredigion
Wales,Conwy
Wales,Denbighshire
Wales,Flintshire
Wales,Gwynedd
Wales,Isle of Anglesey
Wales,Merthyr Tydfil
Wales,Monmouthshire
Wales,Neath Port Talbot
Wales,Newport
Wales,Pembrokeshire
Wales,Powys
Wales,Rhondda Cynon Taff
Wales,Swansea
Wales,The Vale of Glamorgan
Wales,Torfaen
Wales,Wrexham
Wallis and Futuna,Alo
Wallis and Futuna,Sigave
Wallis and Futuna,Wallis
West Bank,West Bank
Western Sahara,Western Sahara
Yemen,Adan
Yemen,Ataq
Yemen,Abyan
Yemen,Al Bayda
Yemen,Al Hudaydah
Yemen,Al Jawf
Yemen,Al Mahrah
Yemen,Al Mahwit
Yemen,Dhamar
Yemen,Hadhramawt
Yemen,Hajjah
Yemen,Ibb
Yemen,Lahij
Yemen,Marib
Yemen,Sadah
Yemen,Sana
Yemen,Taizz
Yugoslavia,Kosovo
Yugoslavia,Montenegro
Yugoslavia,Serbia
Yugoslavia,Vojvodina
Zambia,Central
Zambia,Copperbelt
Zambia,Eastern
Zambia,Luapula
Zambia,Lusaka
Zambia,North-Western
Zambia,Northern
Zambia,Southern
Zambia,Western
Zimbabwe,Bulawayo
Zimbabwe,Harare
Zimbabwe,ManicalandMashonaland Central
Zimbabwe,Mashonaland East
Zimbabwe,Mashonaland West
Zimbabwe,Masvingo
Zimbabwe,Matabeleland North
Zimbabwe,Matabeleland South
Zimbabwe,Midlands